Biomarker,symbol,cluster,GENE,ix,term,orig_groups,orig_terms,mean_beta,mean_degree,mean_strength,mean_alpha_scaled
Merged,ZWILCH,M17,ENSG00000174442,ZWILCH.18302.204.3,Cell cycle,PlasmaNfL-M12;PlasmaPTau181-M10;PlasmaABRatio-M3;Merged-M19,DNA repair;Cell cycle;Cell cycle|RHO GTPase,-0.473237492949784,2,1.515,1
Merged,HYOU1,M7,ENSG00000149428,HYOU1.21497.32.3,Chaperone|Protein folding,PlasmaAB140P-M9;PlasmaPTau181-M2;PlasmaAB140P-M56;Merged-M7,Chaperone;Chaperone|Protein folding;Chaperonin TCP-1,0.160355293180065,13,9.24,0.996115320845058
Merged,EFNB2,M4,ENSG00000125266,EFNB2.14131.37.3,Ephrin signaling,PlasmaAB140P-M4;PlasmaAB142P-M4;PlasmaGFAP-M3;PlasmaNfL-M2;PlasmaPTau181-M14;PlasmapTau217-M6,Ephrin signaling,0.459134870559109,12.5,11.285,0.869308134487923
Merged,DNAJB11,M7,ENSG00000090520,DNAJB11.7110.2.3,Chaperone|Protein folding,PlasmaAB140P-M9;PlasmaPTau181-M2;PlasmaAB140P-M56;Merged-M7,Chaperone;Chaperone|Protein folding;Chaperonin TCP-1,0.221176020123414,13,9.262,0.830726132807553
Merged,HSP90AA1,M7,ENSG00000080824,HSP90AA1.2625.53.4,Chaperone|Protein folding,PlasmaAB140P-M9;PlasmaPTau181-M2;PlasmaAB140P-M56;Merged-M7,Chaperone;Chaperone|Protein folding;Chaperonin TCP-1,0.51416292291878,20,14.114,0.701630266151372
Merged,DNM2,M7,ENSG00000079805,DNM2.11572.4.3,Chaperone|Protein folding,PlasmaAB140P-M9;PlasmaPTau181-M2;PlasmaAB140P-M56;Merged-M7,Chaperone;Chaperone|Protein folding;Chaperonin TCP-1,0.571897422531888,3,1.584,0.638193102400322
PlasmaPTau181,AP2B1,M26,ENSG00000006125,AP2B1.24938.7.3,Clathrin endocytosis,PlasmaPTau181-M26,Clathrin endocytosis,0.502834116435322,4,3.749,0.635985670180872
Merged,CPLX2,M8,ENSG00000145920,CPLX2.15321.8.3,Synaptic vesicle|SNARE complex,PlasmaAB140P-M11;PlasmaGFAP-M6;PlasmaNfL-M14;PlasmapTau217-M1;PlasmapTau217_AB42Ratio-M10;PlasmaPTau181-M25;Merged-M11,Synaptic vesicle|SNARE complex,0.546837026635285,3.66666666666667,3.119,0.635837041168808
Merged,FGFR1,M1,ENSG00000077782,FGFR1.5532.53.3,PI3K-Akt|JAK-STAT|MAPK signaling,PlasmaAB140P-M14;PlasmaAB140P-M2;PlasmaAB140P-M7;PlasmaAB142P-M1;PlasmaGFAP-M1;PlasmaNfL-M1;PlasmaNfL-M6;PlasmaPTau181-M1;PlasmaPTau181-M33;PlasmapTau217-M5;PlasmapTau217_AB42Ratio-M1,TGF-beta signaling;PI3K-Akt|MAPK signaling;JAK-STAT signaling;Ambiguous;PI3K-Akt|JAK-STAT|MAPK signaling;Cytokine|JAK-STAT signaling;Hormone response,0.18969402771191,11,8.112,0.635724625216281
Merged,TNF,M2,ENSG00000232810,TNF.5936.53.3,Adaptive immunity|Immunoglobulins|Cytokines,PlasmaAB140P-M1;PlasmaAB142P-M20;PlasmaAB142P-M27;PlasmaAB142P-M3;PlasmaNfL-M34;PlasmaNfL-M38;PlasmaPTau181-M7;PlasmaAB140P-M53;PlasmaAB140P-M19;PlasmaPTau181-M9;PlasmapTau217-M4;Merged-M2,Cytokine signaling;Immunoglobulin;TNF receptor binding;Immunoglobulin;Immunoglobulin|TREM;Adaptive immunity|Immunoglobulin,0.180747637090851,40,29.056,0.616120992190985
Merged,HSP90AB1,M7,ENSG00000096384,HSP90AB1.5467.15.3,Chaperone|Protein folding,PlasmaAB140P-M9;PlasmaPTau181-M2;PlasmaAB140P-M56;Merged-M7,Chaperone;Chaperone|Protein folding;Chaperonin TCP-1,-0.017146692365028,15.5,11.547,0.584074421275308
Merged,EPHA2,M1,ENSG00000142627,EPHA2.4834.61.2,PI3K-Akt|JAK-STAT|MAPK signaling,PlasmaAB140P-M14;PlasmaAB140P-M2;PlasmaAB140P-M7;PlasmaAB142P-M1;PlasmaGFAP-M1;PlasmaNfL-M1;PlasmaNfL-M6;PlasmaPTau181-M1;PlasmaPTau181-M33;PlasmapTau217-M5;PlasmapTau217_AB42Ratio-M1,TGF-beta signaling;PI3K-Akt|MAPK signaling;JAK-STAT signaling;Ambiguous;PI3K-Akt|JAK-STAT|MAPK signaling;Cytokine|JAK-STAT signaling;Hormone response,0.303809769608019,8,5.909,0.578647172861714
Merged,EPHA5,M4,ENSG00000145242,EPHA5.3806.55.1,Ephrin signaling,PlasmaAB140P-M4;PlasmaAB142P-M4;PlasmaGFAP-M3;PlasmaNfL-M2;PlasmaPTau181-M14;PlasmapTau217-M6,Ephrin signaling,0.220282802039519,14.6666666666667,11.2913333333333,0.575151477051864
Merged,JAK2,M1,ENSG00000096968,JAK2.11816.84.3,PI3K-Akt|JAK-STAT|MAPK signaling,PlasmaAB140P-M14;PlasmaAB140P-M2;PlasmaAB140P-M7;PlasmaAB142P-M1;PlasmaGFAP-M1;PlasmaNfL-M1;PlasmaNfL-M6;PlasmaPTau181-M1;PlasmaPTau181-M33;PlasmapTau217-M5;PlasmapTau217_AB42Ratio-M1,TGF-beta signaling;PI3K-Akt|MAPK signaling;JAK-STAT signaling;Ambiguous;PI3K-Akt|JAK-STAT|MAPK signaling;Cytokine|JAK-STAT signaling;Hormone response,0.28786654136715,12,9.258,0.573775684981815
Merged,CCL3,M2,ENSG00000277632,CCL3.3040.59.1,Adaptive immunity|Immunoglobulins|Cytokines,PlasmaAB140P-M1;PlasmaAB142P-M20;PlasmaAB142P-M27;PlasmaAB142P-M3;PlasmaNfL-M34;PlasmaNfL-M38;PlasmaPTau181-M7;PlasmaAB140P-M53;PlasmaAB140P-M19;PlasmaPTau181-M9;PlasmapTau217-M4;Merged-M2,Cytokine signaling;Immunoglobulin;TNF receptor binding;Immunoglobulin;Immunoglobulin|TREM;Adaptive immunity|Immunoglobulin,0.140022457965038,25,16.438,0.573669351163292
Merged,PDIA6,M7,ENSG00000143870,PDIA6.5650.9.3,Chaperone|Protein folding,PlasmaAB140P-M9;PlasmaPTau181-M2;PlasmaAB140P-M56;Merged-M7,Chaperone;Chaperone|Protein folding;Chaperonin TCP-1,0.362229932108969,9,6.501,0.566610552995482
Merged,EPHB6,M4,ENSG00000106123,EPHB6.9261.14.3,Ephrin signaling,PlasmaAB140P-M4;PlasmaAB142P-M4;PlasmaGFAP-M3;PlasmaNfL-M2;PlasmaPTau181-M14;PlasmapTau217-M6,Ephrin signaling,0.368577807002652,9.33333333333333,7.26883333333333,0.56031383551311
Merged,PRLR,M1,ENSG00000113494,PRLR.9224.20.3,PI3K-Akt|JAK-STAT|MAPK signaling,PlasmaAB140P-M14;PlasmaAB140P-M2;PlasmaAB140P-M7;PlasmaAB142P-M1;PlasmaGFAP-M1;PlasmaNfL-M1;PlasmaNfL-M6;PlasmaPTau181-M1;PlasmaPTau181-M33;PlasmapTau217-M5;PlasmapTau217_AB42Ratio-M1,TGF-beta signaling;PI3K-Akt|MAPK signaling;JAK-STAT signaling;Ambiguous;PI3K-Akt|JAK-STAT|MAPK signaling;Cytokine|JAK-STAT signaling;Hormone response,-0.156647983015756,10,7.307,0.552365224464558
Merged,CRKL,M1,ENSG00000099942,CRKL.9877.28.3,PI3K-Akt|JAK-STAT|MAPK signaling,PlasmaAB140P-M14;PlasmaAB140P-M2;PlasmaAB140P-M7;PlasmaAB142P-M1;PlasmaGFAP-M1;PlasmaNfL-M1;PlasmaNfL-M6;PlasmaPTau181-M1;PlasmaPTau181-M33;PlasmapTau217-M5;PlasmapTau217_AB42Ratio-M1,TGF-beta signaling;PI3K-Akt|MAPK signaling;JAK-STAT signaling;Ambiguous;PI3K-Akt|JAK-STAT|MAPK signaling;Cytokine|JAK-STAT signaling;Hormone response,0.339856863947185,9,6.931,0.551457619212569
Merged,HNRNPDL,M6,ENSG00000152795,HNRNPDL.10852.114.3,RNA-binding,PlasmaAB140P-M10;PlasmaAB140P-M26;PlasmaAB142P-M9;PlasmaNfL-M16;PlasmaPTau181-M3;PlasmaGFAP-M7;Merged-M6,RNA-binding;Splicesosome;RNA-binding,0.29649862106276,9,5.416,0.53245828804549
Merged,VEGFC,M1,ENSG00000150630,VEGFC.3132.1.1,PI3K-Akt|JAK-STAT|MAPK signaling,PlasmaAB140P-M14;PlasmaAB140P-M2;PlasmaAB140P-M7;PlasmaAB142P-M1;PlasmaGFAP-M1;PlasmaNfL-M1;PlasmaNfL-M6;PlasmaPTau181-M1;PlasmaPTau181-M33;PlasmapTau217-M5;PlasmapTau217_AB42Ratio-M1,TGF-beta signaling;PI3K-Akt|MAPK signaling;JAK-STAT signaling;Ambiguous;PI3K-Akt|JAK-STAT|MAPK signaling;Cytokine|JAK-STAT signaling;Hormone response,0.304015959738408,8,5.73,0.526556325746686
Merged,PDGFA,M1,ENSG00000197461,PDGFA.4499.21.1,PI3K-Akt|JAK-STAT|MAPK signaling,PlasmaAB140P-M14;PlasmaAB140P-M2;PlasmaAB140P-M7;PlasmaAB142P-M1;PlasmaGFAP-M1;PlasmaNfL-M1;PlasmaNfL-M6;PlasmaPTau181-M1;PlasmaPTau181-M33;PlasmapTau217-M5;PlasmapTau217_AB42Ratio-M1,TGF-beta signaling;PI3K-Akt|MAPK signaling;JAK-STAT signaling;Ambiguous;PI3K-Akt|JAK-STAT|MAPK signaling;Cytokine|JAK-STAT signaling;Hormone response,0.187033440459049,15,10.633,0.525766355600003
Merged,ITGB1BP2,M7,ENSG00000147166,ITGB1BP2.21985.61.3,Chaperone|Protein folding,PlasmaAB140P-M9;PlasmaPTau181-M2;PlasmaAB140P-M56;Merged-M7,Chaperone;Chaperone|Protein folding;Chaperonin TCP-1,0.288222009137819,4,2.6,0.520521674476551
Merged,CPLX3,M8,ENSG00000213578,CPLX3.21536.65.3,Synaptic vesicle|SNARE complex,PlasmaAB140P-M11;PlasmaGFAP-M6;PlasmaNfL-M14;PlasmapTau217-M1;PlasmapTau217_AB42Ratio-M10;PlasmaPTau181-M25;Merged-M11,Synaptic vesicle|SNARE complex,0.175796619890704,4,3.223,0.516271865651127
Merged,ANGPT1,M1,ENSG00000154188,ANGPT1.2811.27.1,PI3K-Akt|JAK-STAT|MAPK signaling,PlasmaAB140P-M14;PlasmaAB140P-M2;PlasmaAB140P-M7;PlasmaAB142P-M1;PlasmaGFAP-M1;PlasmaNfL-M1;PlasmaNfL-M6;PlasmaPTau181-M1;PlasmaPTau181-M33;PlasmapTau217-M5;PlasmapTau217_AB42Ratio-M1,TGF-beta signaling;PI3K-Akt|MAPK signaling;JAK-STAT signaling;Ambiguous;PI3K-Akt|JAK-STAT|MAPK signaling;Cytokine|JAK-STAT signaling;Hormone response,0.153917782205005,8,5.757,0.509016597292253
Merged,TAF15,M6,ENSG00000270647,TAF15.16865.62.3,RNA-binding,PlasmaAB140P-M10;PlasmaAB140P-M26;PlasmaAB142P-M9;PlasmaNfL-M16;PlasmaPTau181-M3;PlasmaGFAP-M7;Merged-M6,RNA-binding;Splicesosome;RNA-binding,0.313112083413711,9,6.362,0.505970761938248
PlasmaPTau181,UBE2V2,M8,ENSG00000169139,UBE2V2.18165.181.3,Protein Ubiquitination,PlasmaPTau181-M8,Protein Ubiquitination,0.312336448398681,8,5.513,0.479798515210441
Merged,EFNA4,M4,ENSG00000243364,EFNA4.2614.28.2,Ephrin signaling,PlasmaAB140P-M4;PlasmaAB142P-M4;PlasmaGFAP-M3;PlasmaNfL-M2;PlasmaPTau181-M14;PlasmapTau217-M6,Ephrin signaling,0.325817342209705,12.5,10.1785,0.478500022581228
PlasmaPTau181,NECAP2,M26,ENSG00000157191,NECAP2.20915.68.3,Clathrin endocytosis,PlasmaPTau181-M26,Clathrin endocytosis,0.553229891803116,3,2.42,0.473760826634708
Merged,CRK,M1,ENSG00000167193,CRK.4976.57.1,PI3K-Akt|JAK-STAT|MAPK signaling,PlasmaAB140P-M14;PlasmaAB140P-M2;PlasmaAB140P-M7;PlasmaAB142P-M1;PlasmaGFAP-M1;PlasmaNfL-M1;PlasmaNfL-M6;PlasmaPTau181-M1;PlasmaPTau181-M33;PlasmapTau217-M5;PlasmapTau217_AB42Ratio-M1,TGF-beta signaling;PI3K-Akt|MAPK signaling;JAK-STAT signaling;Ambiguous;PI3K-Akt|JAK-STAT|MAPK signaling;Cytokine|JAK-STAT signaling;Hormone response,0.531798443796261,8,6.097,0.468986267207412
Merged,PRKCSH,M7,ENSG00000130175,PRKCSH.5687.5.3,Chaperone|Protein folding,PlasmaAB140P-M9;PlasmaPTau181-M2;PlasmaAB140P-M56;Merged-M7,Chaperone;Chaperone|Protein folding;Chaperonin TCP-1,0.186679493449059,6,3.781,0.468371802735257
PlasmaPTau181,CHMP4A,M35,ENSG00000254505,CHMP4A.21341.19.3,ESCRT complex,PlasmaPTau181-M35,ESCRT complex,0.316431027751637,3,2.965,0.466161427447379
Merged,LTA,M2,ENSG00000227507,LTA.LTB.3506.49.1,Adaptive immunity|Immunoglobulins|Cytokines,PlasmaAB140P-M1;PlasmaAB142P-M20;PlasmaAB142P-M27;PlasmaAB142P-M3;PlasmaNfL-M34;PlasmaNfL-M38;PlasmaPTau181-M7;PlasmaAB140P-M53;PlasmaAB140P-M19;PlasmaPTau181-M9;PlasmapTau217-M4;Merged-M2,Cytokine signaling;Immunoglobulin;TNF receptor binding;Immunoglobulin;Immunoglobulin|TREM;Adaptive immunity|Immunoglobulin,0.23807374819334,19,12.296,0.4637293106479
PlasmaPTau181,TSG101,M35,ENSG00000074319,TSG101.13044.5.3,ESCRT complex,PlasmaPTau181-M35,ESCRT complex,0.556759309438561,3,2.938,0.460250123260994
PlasmaPTau181,UBE2E3,M8,ENSG00000170035,UBE2E3.20090.63.3,Protein Ubiquitination,PlasmaPTau181-M8,Protein Ubiquitination,0.215906317900954,8,5.117,0.459920652799787
Merged,CCL3L1,M2,"",CCL3L1.2783.18.2,Adaptive immunity|Immunoglobulins|Cytokines,PlasmaAB140P-M1;PlasmaAB142P-M20;PlasmaAB142P-M27;PlasmaAB142P-M3;PlasmaNfL-M34;PlasmaNfL-M38;PlasmaPTau181-M7;PlasmaAB140P-M53;PlasmaAB140P-M19;PlasmaPTau181-M9;PlasmapTau217-M4;Merged-M2,Cytokine signaling;Immunoglobulin;TNF receptor binding;Immunoglobulin;Immunoglobulin|TREM;Adaptive immunity|Immunoglobulin,0.32598488728122,11,6.86,0.44324034297246
Merged,HSPA12A,M7,ENSG00000165868,HSPA12A.25267.10.3,Chaperone|Protein folding,PlasmaAB140P-M9;PlasmaPTau181-M2;PlasmaAB140P-M56;Merged-M7,Chaperone;Chaperone|Protein folding;Chaperonin TCP-1,-0.219816320890309,7.5,4.0755,0.440588469601593
PlasmaPTau181,CHMP2A,M35,ENSG00000130724,CHMP2A.17728.61.3,ESCRT complex,PlasmaPTau181-M35,ESCRT complex,0.407572362738485,3,2.985,0.439949842889583
PlasmaPTau181,PPCS,M30,ENSG00000127125,PPCS.17843.30.3,Fatty acid transport,PlasmaPTau181-M30,Fatty acid transport,0.556917185525513,1,0.801,0.430070035944241
Merged,FZD8,M5,ENSG00000177283,FZD8.20577.5.3,Wnt signaling,PlasmaAB140P-M6;PlasmaAB142P-M6;PlasmaGFAP-M2;PlasmaNfL-M7;PlasmaPTau181-M11;PlasmapTau217-M2,Wnt signaling,0.295913658949842,9,6.56525,0.428461171191051
PlasmaPTau181,MYL12A,M18,ENSG00000101608,MYL12A.19373.3.3,Myosin,PlasmaPTau181-M18,Myosin,0.355948026931242,5,4.141,0.425940878305951
Merged,RAB8B,M11,ENSG00000166128,RAB8B.20167.6.3,ER-Golgi transport,PlasmaAB140P-M25;PlasmaAB142P-M11;PlasmaPTau181-M29;PlasmaAB140P-M27;PlasmaPTau181-M6;Merged-M14,Golgi organization;ER-Golgi transport;ER-Golgi transport,0.50335541673294,2,1.818,0.422336211674421
Merged,ROR2,M5,ENSG00000169071,ROR2.7861.9.3,Wnt signaling,PlasmaAB140P-M6;PlasmaAB142P-M6;PlasmaGFAP-M2;PlasmaNfL-M7;PlasmaPTau181-M11;PlasmapTau217-M2,Wnt signaling,0.470370327764077,6.5,5.15325,0.420814660953231
Merged,EPHB2,M4,ENSG00000133216,EPHB2.8348.4.3,Ephrin signaling,PlasmaAB140P-M4;PlasmaAB142P-M4;PlasmaGFAP-M3;PlasmaNfL-M2;PlasmaPTau181-M14;PlasmapTau217-M6,Ephrin signaling,0.299390800995656,14.3333333333333,11.5376666666667,0.417871769573798
Merged,STX4,M8,ENSG00000103496,STX4.10668.5.3,Synaptic vesicle|SNARE complex,PlasmaAB140P-M11;PlasmaGFAP-M6;PlasmaNfL-M14;PlasmapTau217-M1;PlasmapTau217_AB42Ratio-M10;PlasmaPTau181-M25;Merged-M11,Synaptic vesicle|SNARE complex,0.485387842660697,5,3.694,0.41013393882675
PlasmaGFAP,BCAN,M9,ENSG00000132692,BCAN.3461.58.1,ECM proteoglycans,PlasmaGFAP-M9,ECM proteoglycans,0.367283951644299,3,1.879,0.409405411104993
PlasmaPTau181,AKT1S1,M24,ENSG00000204673,AKT1S1.23302.19.3,AMPK signaling,PlasmaPTau181-M24,AMPK signaling,0.500242666822769,4,2.852,0.408825102217961
Merged,DKK3,M5,ENSG00000050165,DKK3.10746.24.3,Wnt signaling,PlasmaAB140P-M6;PlasmaAB142P-M6;PlasmaGFAP-M2;PlasmaNfL-M7;PlasmaPTau181-M11;PlasmapTau217-M2,Wnt signaling,0.265521777533781,6.5,4.051,0.403857184158202
Merged,PTPRD,M32,ENSG00000153707,PTPRD.9296.15.3,Synapse assembly,PlasmaGFAP-M5;PlasmaNfL-M42,Synapse assembly;Synapse assembly|Slitrk family,0.410168166250894,3,1.999,0.398684056952769
PlasmaPTau181,TPM4,M18,ENSG00000167460,TPM4.9863.1.3,Myosin,PlasmaPTau181-M18,Myosin,0.291079616936071,5,3.435,0.395122019342118
Merged,TRAPPC2,M11,ENSG00000196459,TRAPPC2.20402.11.3,ER-Golgi transport,PlasmaAB140P-M25;PlasmaAB142P-M11;PlasmaPTau181-M29;PlasmaAB140P-M27;PlasmaPTau181-M6;Merged-M14,Golgi organization;ER-Golgi transport;ER-Golgi transport,0.347931699650442,4,2.694,0.390626428771375
Merged,GDI2,M11,ENSG00000057608,GDI2.2647.66.2,ER-Golgi transport,PlasmaAB140P-M25;PlasmaAB142P-M11;PlasmaPTau181-M29;PlasmaAB140P-M27;PlasmaPTau181-M6;Merged-M14,Golgi organization;ER-Golgi transport;ER-Golgi transport,0.259739889895087,6,4.249,0.387769135228152
Merged,FAS,M2,ENSG00000026103,FAS.5392.73.2,Adaptive immunity|Immunoglobulins|Cytokines,PlasmaAB140P-M1;PlasmaAB142P-M20;PlasmaAB142P-M27;PlasmaAB142P-M3;PlasmaNfL-M34;PlasmaNfL-M38;PlasmaPTau181-M7;PlasmaAB140P-M53;PlasmaAB140P-M19;PlasmaPTau181-M9;PlasmapTau217-M4;Merged-M2,Cytokine signaling;Immunoglobulin;TNF receptor binding;Immunoglobulin;Immunoglobulin|TREM;Adaptive immunity|Immunoglobulin,0.302451658719626,12,7.421,0.386177572214068
Merged,ROR1,M5,ENSG00000185483,ROR1.2590.69.4,Wnt signaling,PlasmaAB140P-M6;PlasmaAB142P-M6;PlasmaGFAP-M2;PlasmaNfL-M7;PlasmaPTau181-M11;PlasmapTau217-M2,Wnt signaling,0.292105674218008,4,3.256,0.3838246038958
Merged,TNFRSF9,M2,ENSG00000049249,TNFRSF9.2598.9.3,Adaptive immunity|Immunoglobulins|Cytokines,PlasmaAB140P-M1;PlasmaAB142P-M20;PlasmaAB142P-M27;PlasmaAB142P-M3;PlasmaNfL-M34;PlasmaNfL-M38;PlasmaPTau181-M7;PlasmaAB140P-M53;PlasmaAB140P-M19;PlasmaPTau181-M9;PlasmapTau217-M4;Merged-M2,Cytokine signaling;Immunoglobulin;TNF receptor binding;Immunoglobulin;Immunoglobulin|TREM;Adaptive immunity|Immunoglobulin,0.176368068430849,17,10.3745,0.37871790278694
Merged,CFI,M3,ENSG00000205403,CFI.2567.5.6,Complement cascade,PlasmaAB140P-M5;PlasmaAB142P-M2;PlasmaNfL-M19;PlasmaAB140P-M51;PlasmaAB142P-M37;PlasmaNfL-M4;PlasmapTau217_AB42Ratio-M2;Merged-M14;Merged-M7,Complement cascade;Complement cascade|Extracellular space;Ambiguous;Complement cascade,-0.204807948170705,5,3.047,0.377149478247007
Merged,SLITRK1,M32,ENSG00000178235,SLITRK1.15539.15.3,Synapse assembly,PlasmaGFAP-M5;PlasmaNfL-M42,Synapse assembly;Synapse assembly|Slitrk family,0.390637035529954,2,1.401,0.375262587562556
PlasmaGFAP,NCAM1,M9,ENSG00000149294,NCAM1.4498.62.2,ECM proteoglycans,PlasmaGFAP-M9,ECM proteoglycans,0.255127735928067,3,2.316,0.373362337989867
Merged,UNC5B,M2,ENSG00000107731,UNC5B.15394.79.3,Adaptive immunity|Immunoglobulins|Cytokines,PlasmaAB140P-M1;PlasmaAB142P-M20;PlasmaAB142P-M27;PlasmaAB142P-M3;PlasmaNfL-M34;PlasmaNfL-M38;PlasmaPTau181-M7;PlasmaAB140P-M53;PlasmaAB140P-M19;PlasmaPTau181-M9;PlasmapTau217-M4;Merged-M2,Cytokine signaling;Immunoglobulin;TNF receptor binding;Immunoglobulin;Immunoglobulin|TREM;Adaptive immunity|Immunoglobulin,0.350465990671617,2,1.576,0.362669950821308
Merged,STAT5A,M1,ENSG00000126561,STAT5A.20225.119.3,PI3K-Akt|JAK-STAT|MAPK signaling,PlasmaAB140P-M14;PlasmaAB140P-M2;PlasmaAB140P-M7;PlasmaAB142P-M1;PlasmaGFAP-M1;PlasmaNfL-M1;PlasmaNfL-M6;PlasmaPTau181-M1;PlasmaPTau181-M33;PlasmapTau217-M5;PlasmapTau217_AB42Ratio-M1,TGF-beta signaling;PI3K-Akt|MAPK signaling;JAK-STAT signaling;Ambiguous;PI3K-Akt|JAK-STAT|MAPK signaling;Cytokine|JAK-STAT signaling;Hormone response,0.271356386606045,10,7.599,0.356064858129323
Merged,SPC25,M17,ENSG00000152253,SPC25.22782.80.3,Cell cycle,PlasmaNfL-M12;PlasmaPTau181-M10;PlasmaABRatio-M3;Merged-M19,DNA repair;Cell cycle;Cell cycle|RHO GTPase,-0.0224052524512115,1.5,1.209,0.351132133139628
Merged,CCL18,M2,ENSG00000275385,CCL18.3044.3.2,Adaptive immunity|Immunoglobulins|Cytokines,PlasmaAB140P-M1;PlasmaAB142P-M20;PlasmaAB142P-M27;PlasmaAB142P-M3;PlasmaNfL-M34;PlasmaNfL-M38;PlasmaPTau181-M7;PlasmaAB140P-M53;PlasmaAB140P-M19;PlasmaPTau181-M9;PlasmapTau217-M4;Merged-M2,Cytokine signaling;Immunoglobulin;TNF receptor binding;Immunoglobulin;Immunoglobulin|TREM;Adaptive immunity|Immunoglobulin,0.158766702561596,14,7.969,0.34980408388691
Merged,JAM2,M2,ENSG00000154721,JAM2.2997.8.1,Adaptive immunity|Immunoglobulins|Cytokines,PlasmaAB140P-M1;PlasmaAB142P-M20;PlasmaAB142P-M27;PlasmaAB142P-M3;PlasmaNfL-M34;PlasmaNfL-M38;PlasmaPTau181-M7;PlasmaAB140P-M53;PlasmaAB140P-M19;PlasmaPTau181-M9;PlasmapTau217-M4;Merged-M2,Cytokine signaling;Immunoglobulin;TNF receptor binding;Immunoglobulin;Immunoglobulin|TREM;Adaptive immunity|Immunoglobulin,0.311710756013054,1,0.99,0.348990098638726
Merged,GHR,M1,ENSG00000112964,GHR.2948.58.2,PI3K-Akt|JAK-STAT|MAPK signaling,PlasmaAB140P-M14;PlasmaAB140P-M2;PlasmaAB140P-M7;PlasmaAB142P-M1;PlasmaGFAP-M1;PlasmaNfL-M1;PlasmaNfL-M6;PlasmaPTau181-M1;PlasmaPTau181-M33;PlasmapTau217-M5;PlasmapTau217_AB42Ratio-M1,TGF-beta signaling;PI3K-Akt|MAPK signaling;JAK-STAT signaling;Ambiguous;PI3K-Akt|JAK-STAT|MAPK signaling;Cytokine|JAK-STAT signaling;Hormone response,-0.195070728012634,5.4,3.58,0.347969277438034
Merged,EPHB1,M4,ENSG00000154928,EPHB1.17680.12.3,Ephrin signaling,PlasmaAB140P-M4;PlasmaAB142P-M4;PlasmaGFAP-M3;PlasmaNfL-M2;PlasmaPTau181-M14;PlasmapTau217-M6,Ephrin signaling,0.236702116278916,15,11.9705,0.345653381688451
Merged,FZD2,M5,ENSG00000180340,FZD2.22589.3.3,Wnt signaling,PlasmaAB140P-M6;PlasmaAB142P-M6;PlasmaGFAP-M2;PlasmaNfL-M7;PlasmaPTau181-M11;PlasmapTau217-M2,Wnt signaling,0.493378906596188,8.2,6.281,0.34139961488043
Merged,DNAJB2,M7,ENSG00000135924,DNAJB2.11438.6.3,Chaperone|Protein folding,PlasmaAB140P-M9;PlasmaPTau181-M2;PlasmaAB140P-M56;Merged-M7,Chaperone;Chaperone|Protein folding;Chaperonin TCP-1,0.307646458151575,7,4.204,0.338317741481858
Merged,IGLON5,M14,ENSG00000142549,IGLON5.6478.2.3,Neurexins|Neuroligins,PlasmaAB140P-M13;PlasmaAB142P-M10;PlasmaGFAP-M8;PlasmaNfL-M11,Neurexins|Neuroligins,0.386218666875072,1,0.542,0.338102898800371
PlasmaPTau181,G3BP1,M46,ENSG00000145907,G3BP1.19266.35.3,Cytoplasmic stress granule,PlasmaPTau181-M46,Cytoplasmic stress granule,0.388376210188344,2,1.392,0.336284396501741
Merged,ARFGAP2,M11,ENSG00000149182,ARFGAP2.11664.32.3,ER-Golgi transport,PlasmaAB140P-M25;PlasmaAB142P-M11;PlasmaPTau181-M29;PlasmaAB140P-M27;PlasmaPTau181-M6;Merged-M14,Golgi organization;ER-Golgi transport;ER-Golgi transport,0.412951338397683,2,1.245,0.332120676604447
Merged,CD48,M2,ENSG00000117091,CD48.3292.75.1,Adaptive immunity|Immunoglobulins|Cytokines,PlasmaAB140P-M1;PlasmaAB142P-M20;PlasmaAB142P-M27;PlasmaAB142P-M3;PlasmaNfL-M34;PlasmaNfL-M38;PlasmaPTau181-M7;PlasmaAB140P-M53;PlasmaAB140P-M19;PlasmaPTau181-M9;PlasmapTau217-M4;Merged-M2,Cytokine signaling;Immunoglobulin;TNF receptor binding;Immunoglobulin;Immunoglobulin|TREM;Adaptive immunity|Immunoglobulin,0.234494832519268,13.5,8.569,0.33197509784532
Merged,JAM3,M2,ENSG00000166086,JAM3.2998.53.2,Adaptive immunity|Immunoglobulins|Cytokines,PlasmaAB140P-M1;PlasmaAB142P-M20;PlasmaAB142P-M27;PlasmaAB142P-M3;PlasmaNfL-M34;PlasmaNfL-M38;PlasmaPTau181-M7;PlasmaAB140P-M53;PlasmaAB140P-M19;PlasmaPTau181-M9;PlasmapTau217-M4;Merged-M2,Cytokine signaling;Immunoglobulin;TNF receptor binding;Immunoglobulin;Immunoglobulin|TREM;Adaptive immunity|Immunoglobulin,0.347398405822442,2,1.529,0.33119799321143
PlasmaPTau181,SNX12,M47,ENSG00000147164,SNX12.24475.45.3,Endosomal transport,PlasmaPTau181-M47,Endosomal transport,0.383149220068183,2,1.714,0.327995888736734
Merged,BAG2,M7,ENSG00000112208,BAG2.19228.11.3,Chaperone|Protein folding,PlasmaAB140P-M9;PlasmaPTau181-M2;PlasmaAB140P-M56;Merged-M7,Chaperone;Chaperone|Protein folding;Chaperonin TCP-1,0.134347342911116,9,5.997,0.324611838297543
Merged,PDGFB,M1,ENSG00000100311,PDGFB.4149.8.2,PI3K-Akt|JAK-STAT|MAPK signaling,PlasmaAB140P-M14;PlasmaAB140P-M2;PlasmaAB140P-M7;PlasmaAB142P-M1;PlasmaGFAP-M1;PlasmaNfL-M1;PlasmaNfL-M6;PlasmaPTau181-M1;PlasmaPTau181-M33;PlasmapTau217-M5;PlasmapTau217_AB42Ratio-M1,TGF-beta signaling;PI3K-Akt|MAPK signaling;JAK-STAT signaling;Ambiguous;PI3K-Akt|JAK-STAT|MAPK signaling;Cytokine|JAK-STAT signaling;Hormone response,0.20014254584674,15,10.732,0.32255586497913
Merged,RAB32,M11,ENSG00000118508,RAB32.17778.19.3,ER-Golgi transport,PlasmaAB140P-M25;PlasmaAB142P-M11;PlasmaPTau181-M29;PlasmaAB140P-M27;PlasmaPTau181-M6;Merged-M14,Golgi organization;ER-Golgi transport;ER-Golgi transport,0.472108314324111,1,0.652,0.317244821929268
Merged,CD8A,M2,ENSG00000153563,CD8A.15462.28.3,Adaptive immunity|Immunoglobulins|Cytokines,PlasmaAB140P-M1;PlasmaAB142P-M20;PlasmaAB142P-M27;PlasmaAB142P-M3;PlasmaNfL-M34;PlasmaNfL-M38;PlasmaPTau181-M7;PlasmaAB140P-M53;PlasmaAB140P-M19;PlasmaPTau181-M9;PlasmapTau217-M4;Merged-M2,Cytokine signaling;Immunoglobulin;TNF receptor binding;Immunoglobulin;Immunoglobulin|TREM;Adaptive immunity|Immunoglobulin,0.2536450830514,24,17.444,0.315569962469672
Merged,ATOX1,M7,ENSG00000177556,ATOX1.19233.75.3,Chaperone|Protein folding,PlasmaAB140P-M9;PlasmaPTau181-M2;PlasmaAB140P-M56;Merged-M7,Chaperone;Chaperone|Protein folding;Chaperonin TCP-1,0.301434077736696,4,2.826,0.311647815735459
Merged,CNTFR,M1,ENSG00000122756,CNTFR.14101.2.3,PI3K-Akt|JAK-STAT|MAPK signaling,PlasmaAB140P-M14;PlasmaAB140P-M2;PlasmaAB140P-M7;PlasmaAB142P-M1;PlasmaGFAP-M1;PlasmaNfL-M1;PlasmaNfL-M6;PlasmaPTau181-M1;PlasmaPTau181-M33;PlasmapTau217-M5;PlasmapTau217_AB42Ratio-M1,TGF-beta signaling;PI3K-Akt|MAPK signaling;JAK-STAT signaling;Ambiguous;PI3K-Akt|JAK-STAT|MAPK signaling;Cytokine|JAK-STAT signaling;Hormone response,0.149277011095413,10,6.895,0.310873508897918
Merged,DDX46,M6,ENSG00000145833,DDX46.14216.35.3,RNA-binding,PlasmaAB140P-M10;PlasmaAB140P-M26;PlasmaAB142P-M9;PlasmaNfL-M16;PlasmaPTau181-M3;PlasmaGFAP-M7;Merged-M6,RNA-binding;Splicesosome;RNA-binding,-0.275627921281804,7,4.621,0.310157167116338
PlasmaPTau181,SMOC1,M26,ENSG00000198732,SMOC1.5694.57.3,Clathrin endocytosis,PlasmaPTau181-M26,Clathrin endocytosis,0.427066187667431,1,0.44,0.309576614255644
Merged,EPHA6,M4,ENSG00000080224,EPHA6.22587.37.3,Ephrin signaling,PlasmaAB140P-M4;PlasmaAB142P-M4;PlasmaGFAP-M3;PlasmaNfL-M2;PlasmaPTau181-M14;PlasmapTau217-M6,Ephrin signaling,0.259660480056187,11.3333333333333,7.86533333333333,0.308581676191736
Merged,RAB1B,M11,ENSG00000174903,RAB1B.19278.19.3,ER-Golgi transport,PlasmaAB140P-M25;PlasmaAB142P-M11;PlasmaPTau181-M29;PlasmaAB140P-M27;PlasmaPTau181-M6;Merged-M14,Golgi organization;ER-Golgi transport;ER-Golgi transport,0.402079368332673,8,6.75,0.308488986841141
Merged,PDLIM1,M29,ENSG00000107438,PDLIM1.11428.31.3,Actin dynamics,PlasmaAB140P-M39;PlasmaPTau181-M32,Actin binding;Actin filament,0.335082928373544,3,2.298,0.301698984918092
Merged,CD5,M2,ENSG00000110448,CD5.14065.11.3,Adaptive immunity|Immunoglobulins|Cytokines,PlasmaAB140P-M1;PlasmaAB142P-M20;PlasmaAB142P-M27;PlasmaAB142P-M3;PlasmaNfL-M34;PlasmaNfL-M38;PlasmaPTau181-M7;PlasmaAB140P-M53;PlasmaAB140P-M19;PlasmaPTau181-M9;PlasmapTau217-M4;Merged-M2,Cytokine signaling;Immunoglobulin;TNF receptor binding;Immunoglobulin;Immunoglobulin|TREM;Adaptive immunity|Immunoglobulin,-0.236773464213093,6,4.274,0.300788901422827
Merged,PDLIM5,M29,ENSG00000163110,PDLIM5.23703.8.3,Actin dynamics,PlasmaAB140P-M39;PlasmaPTau181-M32,Actin binding;Actin filament,0.269582654656396,3,2.167,0.299100620873651
Merged,PDLIM3,M29,ENSG00000154553,PDLIM3.22527.4.3,Actin dynamics,PlasmaAB140P-M39;PlasmaPTau181-M32,Actin binding;Actin filament,0.451948830423054,3,2.178,0.298772778159131
Merged,GPI,M9,ENSG00000105220,GPI.4272.46.2,Carbon metabolism,PlasmaAB140P-M8;PlasmaAB142P-M8;PlasmaABRatio-M2;PlasmaNfL-M40;PlasmaPTau181-M12;Merged-M12,Carbon metabolism|Gluconeogenesis;Carbon metabolism;Carbon metabolism|Glycolysis,0.00482882233454551,8,7.1495,0.29602852210854
PlasmaPTau181,G3BP2,M46,ENSG00000138757,G3BP2.9831.12.3,Cytoplasmic stress granule,PlasmaPTau181-M46,Cytoplasmic stress granule,0.44878079898442,2,1.605,0.295869925304027
PlasmaPTau181,APLP2,M5,ENSG00000084234,APLP2.10627.87.3,Dementia|HDL,PlasmaPTau181-M5,Dementia|HDL,0.301195414610023,5,2.98,0.294503735544598
PlasmaGFAP,NCAN,M9,ENSG00000130287,NCAN.15573.110.3,ECM proteoglycans,PlasmaGFAP-M9,ECM proteoglycans,0.35230794668589,3,2.43,0.288100532723909
Merged,PGLS,M9,ENSG00000130313,PGLS.17799.9.3,Carbon metabolism,PlasmaAB140P-M8;PlasmaAB142P-M8;PlasmaABRatio-M2;PlasmaNfL-M40;PlasmaPTau181-M12;Merged-M12,Carbon metabolism|Gluconeogenesis;Carbon metabolism;Carbon metabolism|Glycolysis,0.436525190731827,3,1.699,0.284640166983693
PlasmaPTau181,UBE2E1,M8,ENSG00000170142,UBE2E1.14326.4.3,Protein Ubiquitination,PlasmaPTau181-M8,Protein Ubiquitination,0.369618332733435,6,4.175,0.284130722873688
Merged,STX12,M8,ENSG00000117758,STX12.10418.36.3,Synaptic vesicle|SNARE complex,PlasmaAB140P-M11;PlasmaGFAP-M6;PlasmaNfL-M14;PlasmapTau217-M1;PlasmapTau217_AB42Ratio-M10;PlasmaPTau181-M25;Merged-M11,Synaptic vesicle|SNARE complex,0.187504652390774,3,2.483,0.283551567747123
Merged,RPS10,M12,ENSG00000124614,RPS10.13011.20.3,Translation,PlasmaAB140P-M32;PlasmaAB142P-M5;PlasmaAB140P-M42;PlasmaNfL-M8;PlasmaPTau181-M34;Merged-M27;Merged-M16,Translation;Nucleolus|Translation,0.667050478233077,4,3.858,0.282035978322618
Merged,NDC80,M17,ENSG00000080986,NDC80.12730.3.3,Cell cycle,PlasmaNfL-M12;PlasmaPTau181-M10;PlasmaABRatio-M3;Merged-M19,DNA repair;Cell cycle;Cell cycle|RHO GTPase,0.392858520775544,3,2.723,0.279642154707835
Merged,CPLX1,M8,ENSG00000168993,CPLX1.18332.17.3,Synaptic vesicle|SNARE complex,PlasmaAB140P-M11;PlasmaGFAP-M6;PlasmaNfL-M14;PlasmapTau217-M1;PlasmapTau217_AB42Ratio-M10;PlasmaPTau181-M25;Merged-M11,Synaptic vesicle|SNARE complex,0.354427136241996,4,3.45666666666667,0.278637910113083
PlasmaPTau181,UBE2L3,M8,ENSG00000185651,UBE2L3.UBB.21931.16.3,Protein Ubiquitination,PlasmaPTau181-M8,Protein Ubiquitination,0.182651311538111,8,4.973,0.277025195238049
Merged,EPHA2,M4,ENSG00000142627,EPHA2.4834.61.2,Ephrin signaling,PlasmaAB140P-M4;PlasmaAB142P-M4;PlasmaGFAP-M3;PlasmaNfL-M2;PlasmaPTau181-M14;PlasmapTau217-M6,Ephrin signaling,0.405025177627399,10,8.082,0.276003167939451
Merged,EPHA7,M4,ENSG00000135333,EPHA7.7195.119.3,Ephrin signaling,PlasmaAB140P-M4;PlasmaAB142P-M4;PlasmaGFAP-M3;PlasmaNfL-M2;PlasmaPTau181-M14;PlasmapTau217-M6,Ephrin signaling,0.292862790255588,14.6666666666667,11.3193333333333,0.27549284245965
Merged,EPHA10,M4,ENSG00000183317,EPHA10.5076.53.2,Ephrin signaling,PlasmaAB140P-M4;PlasmaAB142P-M4;PlasmaGFAP-M3;PlasmaNfL-M2;PlasmaPTau181-M14;PlasmapTau217-M6,Ephrin signaling,0.21695099588628,9,6.499,0.273078005806384
Merged,EIF3G,M12,ENSG00000130811,EIF3G.11454.87.3,Translation,PlasmaAB140P-M32;PlasmaAB142P-M5;PlasmaAB140P-M42;PlasmaNfL-M8;PlasmaPTau181-M34;Merged-M27;Merged-M16,Translation;Nucleolus|Translation,0.533782666283012,2.5,2.2255,0.271377644769088
PlasmaPTau181,TADA3,M27,ENSG00000171148,TADA3.23551.15.3,DNA repair,PlasmaPTau181-M27,DNA repair,0.345869001695718,4,2.872,0.268197116383731
PlasmaPTau181,EHD2,M26,ENSG00000024422,EHD2.23640.10.3,Clathrin endocytosis,PlasmaPTau181-M26,Clathrin endocytosis,0.362622079982847,3,2.272,0.266514213755979
Merged,DDOST,M7,ENSG00000244038,DDOST.17161.1.3,Chaperone|Protein folding,PlasmaAB140P-M9;PlasmaPTau181-M2;PlasmaAB140P-M56;Merged-M7,Chaperone;Chaperone|Protein folding;Chaperonin TCP-1,0.247262875517721,5,3.515,0.263136625510713
Merged,UBE2F,M24,ENSG00000184182,UBE2F.18213.30.3,Neddylation,PlasmaAB140P-M30;PlasmaPTau181-M22;PlasmapTau217_AB42Ratio-M4,Neddylation,0.240146800787605,4,2.861,0.263090446468809
PlasmaPTau181,UBE2Q2,M8,ENSG00000140367,UBE2Q2.21717.44.3,Protein Ubiquitination,PlasmaPTau181-M8,Protein Ubiquitination,0.357432985751233,7,3.752,0.262998013523568
PlasmaPTau181,UBE2V1,M8,ENSG00000244687,UBE2V1.11626.7.3,Protein Ubiquitination,PlasmaPTau181-M8,Protein Ubiquitination,0.253525389025087,8,5.618,0.262607199327114
Merged,ERP29,M7,ENSG00000089248,ERP29.13728.19.3,Chaperone|Protein folding,PlasmaAB140P-M9;PlasmaPTau181-M2;PlasmaAB140P-M56;Merged-M7,Chaperone;Chaperone|Protein folding;Chaperonin TCP-1,0.41180938490394,6,3.402,0.261993186073483
Merged,PRDX3,M7,ENSG00000165672,PRDX3.8358.30.3,Chaperone|Protein folding,PlasmaAB140P-M9;PlasmaPTau181-M2;PlasmaAB140P-M56;Merged-M7,Chaperone;Chaperone|Protein folding;Chaperonin TCP-1,0.410735948171473,8,4.387,0.261009600858509
PlasmaPTau181,MYL12B,M18,ENSG00000118680,MYL12B.19122.47.3,Myosin,PlasmaPTau181-M18,Myosin,0.251030292552639,5,4.157,0.25921164512127
Merged,ROR1,M5,ENSG00000185483,ROR1.8474.6.3,Wnt signaling,PlasmaAB140P-M6;PlasmaAB142P-M6;PlasmaGFAP-M2;PlasmaNfL-M7;PlasmaPTau181-M11;PlasmapTau217-M2,Wnt signaling,0.33740564348566,5.25,4.2385,0.25866805201315
Merged,WNT5B,M5,ENSG00000111186,WNT5B.21945.4.3,Wnt signaling,PlasmaAB140P-M6;PlasmaAB142P-M6;PlasmaGFAP-M2;PlasmaNfL-M7;PlasmaPTau181-M11;PlasmapTau217-M2,Wnt signaling,-0.186936226710635,5,3.939,0.25793188920969
Merged,PCDH8,M8,ENSG00000136099,PCDH8.6280.11.3,Synaptic vesicle|SNARE complex,PlasmaAB140P-M11;PlasmaGFAP-M6;PlasmaNfL-M14;PlasmapTau217-M1;PlasmapTau217_AB42Ratio-M10;PlasmaPTau181-M25;Merged-M11,Synaptic vesicle|SNARE complex,-0.30214078874329,1,0.431,0.253006726422728
Merged,PGAM4,M9,ENSG00000226784,PGAM4.19799.2.3,Carbon metabolism,PlasmaAB140P-M8;PlasmaAB142P-M8;PlasmaABRatio-M2;PlasmaNfL-M40;PlasmaPTau181-M12;Merged-M12,Carbon metabolism|Gluconeogenesis;Carbon metabolism;Carbon metabolism|Glycolysis,-0.258640230925972,3,2.487,0.251333508285202
Merged,ENO1,M9,ENSG00000074800,ENO1.11105.171.3,Carbon metabolism,PlasmaAB140P-M8;PlasmaAB142P-M8;PlasmaABRatio-M2;PlasmaNfL-M40;PlasmaPTau181-M12;Merged-M12,Carbon metabolism|Gluconeogenesis;Carbon metabolism;Carbon metabolism|Glycolysis,-0.450003271873079,9.5,7.7135,0.247416947335635
Merged,RAB3D,M8,ENSG00000105514,RAB3D.19379.154.3,Synaptic vesicle|SNARE complex,PlasmaAB140P-M11;PlasmaGFAP-M6;PlasmaNfL-M14;PlasmapTau217-M1;PlasmapTau217_AB42Ratio-M10;PlasmaPTau181-M25;Merged-M11,Synaptic vesicle|SNARE complex,0.395264195648444,1,0.52,0.246832904113255
PlasmaGFAP,BRAF,M12,ENSG00000157764,BRAF.15669.7.3,NK cell cytotoxicity,PlasmaGFAP-M12,NK cell cytotoxicity,-0.272767675085329,1,0.947,0.245570865031495
Merged,EPHA10,M4,ENSG00000183317,EPHA10.6036.78.3,Ephrin signaling,PlasmaAB140P-M4;PlasmaAB142P-M4;PlasmaGFAP-M3;PlasmaNfL-M2;PlasmaPTau181-M14;PlasmapTau217-M6,Ephrin signaling,0.19160373151816,12.3333333333333,9.364,0.245520782726542
Merged,HSPA1A,M6,ENSG00000204389,HSPA1A.11157.35.3,RNA-binding,PlasmaAB140P-M10;PlasmaAB140P-M26;PlasmaAB142P-M9;PlasmaNfL-M16;PlasmaPTau181-M3;PlasmaGFAP-M7;Merged-M6,RNA-binding;Splicesosome;RNA-binding,-0.283385343842332,1,0.677,0.243912041320656
Merged,TBCA,M36,ENSG00000171530,TBCA.12501.10.3,Post-chaperonin tubulin folding,PlasmaABRatio-M1;PlasmapTau217_AB42Ratio-M6,Post-chaperonin tubulin folding;Nucleolus,0.002626853234466,2.5,1.1655,0.238576394992305
Merged,EIF1,M12,ENSG00000173812,EIF1.20913.27.3,Translation,PlasmaAB140P-M32;PlasmaAB142P-M5;PlasmaAB140P-M42;PlasmaNfL-M8;PlasmaPTau181-M34;Merged-M27;Merged-M16,Translation;Nucleolus|Translation,0.195806106766653,2,1.975,0.23721719931459
Merged,DKK1,M5,ENSG00000107984,DKK1.3535.84.1,Wnt signaling,PlasmaAB140P-M6;PlasmaAB142P-M6;PlasmaGFAP-M2;PlasmaNfL-M7;PlasmaPTau181-M11;PlasmapTau217-M2,Wnt signaling,0.155462767480271,7,5.629,0.237107844871283
PlasmaPTau181,UBE2D4,M8,ENSG00000078967,UBE2D4.13475.10.3,Protein Ubiquitination,PlasmaPTau181-M8,Protein Ubiquitination,0.3803935577315,3,1.535,0.233207005958331
Merged,PHGDH,M9,ENSG00000092621,PHGDH.15548.35.3,Carbon metabolism,PlasmaAB140P-M8;PlasmaAB142P-M8;PlasmaABRatio-M2;PlasmaNfL-M40;PlasmaPTau181-M12;Merged-M12,Carbon metabolism|Gluconeogenesis;Carbon metabolism;Carbon metabolism|Glycolysis,0.037454342458004,1.5,1.1705,0.233052960213526
Merged,PFKM,M9,ENSG00000152556,PFKM.17384.110.3,Carbon metabolism,PlasmaAB140P-M8;PlasmaAB142P-M8;PlasmaABRatio-M2;PlasmaNfL-M40;PlasmaPTau181-M12;Merged-M12,Carbon metabolism|Gluconeogenesis;Carbon metabolism;Carbon metabolism|Glycolysis,-0.207776223158069,7,6.141,0.232363352034974
PlasmaPTau181,AKR1B10,M20,ENSG00000198074,AKR1B10.16081.38.3,Alcohol dehydrogenase activity,PlasmaPTau181-M20,Alcohol dehydrogenase activity,0.254436322515766,3,2.427,0.231585053075645
Merged,IL19,M1,ENSG00000142224,IL19.3035.80.2,PI3K-Akt|JAK-STAT|MAPK signaling,PlasmaAB140P-M14;PlasmaAB140P-M2;PlasmaAB140P-M7;PlasmaAB142P-M1;PlasmaGFAP-M1;PlasmaNfL-M1;PlasmaNfL-M6;PlasmaPTau181-M1;PlasmaPTau181-M33;PlasmapTau217-M5;PlasmapTau217_AB42Ratio-M1,TGF-beta signaling;PI3K-Akt|MAPK signaling;JAK-STAT signaling;Ambiguous;PI3K-Akt|JAK-STAT|MAPK signaling;Cytokine|JAK-STAT signaling;Hormone response,-0.149632793961174,6.33333333333333,4.36833333333333,0.231560928370158
Merged,SH3BGRL,M1,ENSG00000131171,SH3BGRL.12693.2.3,PI3K-Akt|JAK-STAT|MAPK signaling,PlasmaAB140P-M14;PlasmaAB140P-M2;PlasmaAB140P-M7;PlasmaAB142P-M1;PlasmaGFAP-M1;PlasmaNfL-M1;PlasmaNfL-M6;PlasmaPTau181-M1;PlasmaPTau181-M33;PlasmapTau217-M5;PlasmapTau217_AB42Ratio-M1,TGF-beta signaling;PI3K-Akt|MAPK signaling;JAK-STAT signaling;Ambiguous;PI3K-Akt|JAK-STAT|MAPK signaling;Cytokine|JAK-STAT signaling;Hormone response,0.372047850205556,1,0.801,0.230591926893568
PlasmaPTau181,AKR1B1,M20,ENSG00000085662,AKR1B1.16606.85.3,Alcohol dehydrogenase activity,PlasmaPTau181-M20,Alcohol dehydrogenase activity,0.353481836002991,3,2.333,0.23032792238528
PlasmaPTau181,VPS4B,M35,ENSG00000119541,VPS4B.12668.7.3,ESCRT complex,PlasmaPTau181-M35,ESCRT complex,0.372356554035971,3,2.932,0.225842735882113
PlasmaPTau181,PAGR1,M13,ENSG00000280789,PAGR1.23967.8.3,Histone methyltransferase,PlasmaPTau181-M13,Histone methyltransferase,0.371151790977167,1,0.996,0.224738816949262
Merged,GABARAPL2,M21,ENSG00000034713,GABARAPL2.12494.99.3,Autophagy,PlasmaAB142P-M19;PlasmaNfL-M13;PlasmaPTau181-M41,Autophagy,0.366082938624515,3,2.777,0.220094250501922
Merged,CDC37,M7,ENSG00000105401,CDC37.3879.50.1,Chaperone|Protein folding,PlasmaAB140P-M9;PlasmaPTau181-M2;PlasmaAB140P-M56;Merged-M7,Chaperone;Chaperone|Protein folding;Chaperonin TCP-1,0.307452274677954,5,4.438,0.219642637270482
Merged,PDAP1,M1,ENSG00000106244,PDAP1.19240.265.3,PI3K-Akt|JAK-STAT|MAPK signaling,PlasmaAB140P-M14;PlasmaAB140P-M2;PlasmaAB140P-M7;PlasmaAB142P-M1;PlasmaGFAP-M1;PlasmaNfL-M1;PlasmaNfL-M6;PlasmaPTau181-M1;PlasmaPTau181-M33;PlasmapTau217-M5;PlasmapTau217_AB42Ratio-M1,TGF-beta signaling;PI3K-Akt|MAPK signaling;JAK-STAT signaling;Ambiguous;PI3K-Akt|JAK-STAT|MAPK signaling;Cytokine|JAK-STAT signaling;Hormone response,0.365515727711298,2,1.629,0.219574517711774
Merged,ADIPOQ,M1,ENSG00000181092,ADIPOQ.3554.24.1,PI3K-Akt|JAK-STAT|MAPK signaling,PlasmaAB140P-M14;PlasmaAB140P-M2;PlasmaAB140P-M7;PlasmaAB142P-M1;PlasmaGFAP-M1;PlasmaNfL-M1;PlasmaNfL-M6;PlasmaPTau181-M1;PlasmaPTau181-M33;PlasmapTau217-M5;PlasmapTau217_AB42Ratio-M1,TGF-beta signaling;PI3K-Akt|MAPK signaling;JAK-STAT signaling;Ambiguous;PI3K-Akt|JAK-STAT|MAPK signaling;Cytokine|JAK-STAT signaling;Hormone response,0.177498270215676,5.5,3.4495,0.219357128874101
Merged,ALDOA,M9,ENSG00000149925,ALDOA.5864.10.3,Carbon metabolism,PlasmaAB140P-M8;PlasmaAB142P-M8;PlasmaABRatio-M2;PlasmaNfL-M40;PlasmaPTau181-M12;Merged-M12,Carbon metabolism|Gluconeogenesis;Carbon metabolism;Carbon metabolism|Glycolysis,-0.288988942687735,9,7.255,0.218937686347339
Merged,LSM3,M6,ENSG00000170860,LSM3.20976.19.3,RNA-binding,PlasmaAB140P-M10;PlasmaAB140P-M26;PlasmaAB142P-M9;PlasmaNfL-M16;PlasmaPTau181-M3;PlasmaGFAP-M7;Merged-M6,RNA-binding;Splicesosome;RNA-binding,0.244062094824979,7,4.824,0.218317410577401
Merged,TYK2,M1,ENSG00000105397,TYK2.5260.80.3,PI3K-Akt|JAK-STAT|MAPK signaling,PlasmaAB140P-M14;PlasmaAB140P-M2;PlasmaAB140P-M7;PlasmaAB142P-M1;PlasmaGFAP-M1;PlasmaNfL-M1;PlasmaNfL-M6;PlasmaPTau181-M1;PlasmaPTau181-M33;PlasmapTau217-M5;PlasmapTau217_AB42Ratio-M1,TGF-beta signaling;PI3K-Akt|MAPK signaling;JAK-STAT signaling;Ambiguous;PI3K-Akt|JAK-STAT|MAPK signaling;Cytokine|JAK-STAT signaling;Hormone response,-0.24476539428142,9,6.726,0.217243022993128
Merged,EFNA1,M4,ENSG00000169242,EFNA1.20091.138.3,Ephrin signaling,PlasmaAB140P-M4;PlasmaAB142P-M4;PlasmaGFAP-M3;PlasmaNfL-M2;PlasmaPTau181-M14;PlasmapTau217-M6,Ephrin signaling,0.316148430401457,12.5,10.38575,0.217074807780276
Merged,CST3,M3,ENSG00000101439,CST3.2609.59.2,Complement cascade,PlasmaAB140P-M5;PlasmaAB142P-M2;PlasmaNfL-M19;PlasmaAB140P-M51;PlasmaAB142P-M37;PlasmaNfL-M4;PlasmapTau217_AB42Ratio-M2;Merged-M14;Merged-M7,Complement cascade;Complement cascade|Extracellular space;Ambiguous;Complement cascade,0.438494053636913,10,6.384,0.216705744358764
Merged,TBC1D20,M11,ENSG00000125875,TBC1D20.23687.27.3,ER-Golgi transport,PlasmaAB140P-M25;PlasmaAB142P-M11;PlasmaPTau181-M29;PlasmaAB140P-M27;PlasmaPTau181-M6;Merged-M14,Golgi organization;ER-Golgi transport;ER-Golgi transport,-0.035192391761558,1.5,1.2375,0.216166953766322
Merged,COL9A3,M13,ENSG00000092758,COL9A3.20175.17.3,Collagen,PlasmaAB142P-M17;PlasmaNfL-M10;PlasmaPTau181-M15;PlasmapTau217-M7;PlasmapTau217_AB42Ratio-M7,Collagen,0.246786190690128,4.8,2.8794,0.215616140027832
Merged,ACTN2,M29,ENSG00000077522,ACTN2.9844.138.3,Actin dynamics,PlasmaAB140P-M39;PlasmaPTau181-M32,Actin binding;Actin filament,0.273787382176143,4,3.361,0.215614800230755
Merged,EPHB4,M4,ENSG00000196411,EPHB4.15530.33.3,Ephrin signaling,PlasmaAB140P-M4;PlasmaAB142P-M4;PlasmaGFAP-M3;PlasmaNfL-M2;PlasmaPTau181-M14;PlasmapTau217-M6,Ephrin signaling,0.403800708646988,10.4,8.2944,0.213916100905602
Merged,DBI,M15,ENSG00000155368,DBI.16919.1.3,HDL,PlasmaAB140P-M3;PlasmaAB142P-M18,HDL,0.523379427387016,8,5.8945,0.213062636453807
Merged,RAC1,M26,ENSG00000136238,RAC1.2870.29.2,RHO GTPase|Neurotrophin signaling,PlasmaAB140P-M12;PlasmaAB142P-M38,RHO GTPase|p75NTR signalling;Neurotrophin receptor,-0.870944454998562,7,4.506,0.212235110909444
Merged,MYCBP,M9,ENSG00000214114,MYCBP.19250.50.3,Carbon metabolism,PlasmaAB140P-M8;PlasmaAB142P-M8;PlasmaABRatio-M2;PlasmaNfL-M40;PlasmaPTau181-M12;Merged-M12,Carbon metabolism|Gluconeogenesis;Carbon metabolism;Carbon metabolism|Glycolysis,-1.05367620798116,1,0.645,0.212229392614302
Merged,TNFRSF1B,M2,ENSG00000028137,TNFRSF1B.8368.102.3,Adaptive immunity|Immunoglobulins|Cytokines,PlasmaAB140P-M1;PlasmaAB142P-M20;PlasmaAB142P-M27;PlasmaAB142P-M3;PlasmaNfL-M34;PlasmaNfL-M38;PlasmaPTau181-M7;PlasmaAB140P-M53;PlasmaAB140P-M19;PlasmaPTau181-M9;PlasmapTau217-M4;Merged-M2,Cytokine signaling;Immunoglobulin;TNF receptor binding;Immunoglobulin;Immunoglobulin|TREM;Adaptive immunity|Immunoglobulin,0.405249017925459,17,11.25,0.212211859573979
Merged,RPS25,M12,ENSG00000118181,RPS25.23243.120.3,Translation,PlasmaAB140P-M32;PlasmaAB142P-M5;PlasmaAB140P-M42;PlasmaNfL-M8;PlasmaPTau181-M34;Merged-M27;Merged-M16,Translation;Nucleolus|Translation,-0.00663718365976851,6,5.7705,0.212199604430855
Merged,GRK2,M10,ENSG00000173020,GRK2.3347.9.2,Neuroactive ligand-receptor interaction,PlasmaNfL-M5;PlasmaPTau181-M17;PlasmaAB140P-M52;PlasmaAB140P-M49;PlasmaAB142P-M7;Merged-M17,Neuroactive ligand-receptor interaction|Antigen presentation;Neuroactive ligand-receptor interaction;Neuroactive ligand-receptor interaction,-0.625705340202314,3,1.779,0.211377949157304
PlasmaPTau181,FKBP1A,M24,ENSG00000088832,FKBP1A.25912.131.3,AMPK signaling,PlasmaPTau181-M24,AMPK signaling,0.201473210383084,4,2.653,0.210037115534107
PlasmaAB140P,CHMP2A,M17,ENSG00000130724,CHMP2A.17728.61.3,Multivesicular body assembly,PlasmaAB140P-M17,Multivesicular body assembly,-0.454068508192276,5,4.968,0.20867218512108
PlasmaAB140P,HARS1,M20,ENSG00000170445,HARS1.17450.51.3,tRNA aminoacylation,PlasmaAB140P-M20,tRNA aminoacylation,-0.776602551123103,4,3.158,0.208652336347948
Merged,MESD,M5,ENSG00000117899,MESD.15299.102.3,Wnt signaling,PlasmaAB140P-M6;PlasmaAB142P-M6;PlasmaGFAP-M2;PlasmaNfL-M7;PlasmaPTau181-M11;PlasmapTau217-M2,Wnt signaling,0.351058373319514,1,0.634,0.206327309378658
PlasmaPTau181,MYL9,M18,ENSG00000101335,MYL9.21817.5.3,Myosin,PlasmaPTau181-M18,Myosin,0.322870234365751,6,5.275,0.204863378194898
PlasmaPTau181,KLK14,M5,ENSG00000129437,KLK14.3681.87.3,Dementia|HDL,PlasmaPTau181-M5,Dementia|HDL,-0.323012881871507,2,0.951,0.204505168675958
Merged,FZD7,M5,ENSG00000155760,FZD7.20576.71.3,Wnt signaling,PlasmaAB140P-M6;PlasmaAB142P-M6;PlasmaGFAP-M2;PlasmaNfL-M7;PlasmaPTau181-M11;PlasmapTau217-M2,Wnt signaling,0.43255298372103,8.8,6.1558,0.203844772963527
Merged,HSPB6,M7,ENSG00000004776,HSPB6.19127.1.3,Chaperone|Protein folding,PlasmaAB140P-M9;PlasmaPTau181-M2;PlasmaAB140P-M56;Merged-M7,Chaperone;Chaperone|Protein folding;Chaperonin TCP-1,0.46556716436771,3,1.817,0.203077628651738
Merged,XPNPEP1,M10,ENSG00000108039,XPNPEP1.3481.87.1,Neuroactive ligand-receptor interaction,PlasmaNfL-M5;PlasmaPTau181-M17;PlasmaAB140P-M52;PlasmaAB140P-M49;PlasmaAB142P-M7;Merged-M17,Neuroactive ligand-receptor interaction|Antigen presentation;Neuroactive ligand-receptor interaction;Neuroactive ligand-receptor interaction,0.347396576731662,1,0.818,0.202972021754227
Merged,CES1,M1,ENSG00000198848,CES1.15487.164.3,PI3K-Akt|JAK-STAT|MAPK signaling,PlasmaAB140P-M14;PlasmaAB140P-M2;PlasmaAB140P-M7;PlasmaAB142P-M1;PlasmaGFAP-M1;PlasmaNfL-M1;PlasmaNfL-M6;PlasmaPTau181-M1;PlasmaPTau181-M33;PlasmapTau217-M5;PlasmapTau217_AB42Ratio-M1,TGF-beta signaling;PI3K-Akt|MAPK signaling;JAK-STAT signaling;Ambiguous;PI3K-Akt|JAK-STAT|MAPK signaling;Cytokine|JAK-STAT signaling;Hormone response,-0.25953214678218,1,0.435,0.202428321722691
PlasmaPTau181,CACNB3,M40,ENSG00000167535,CACNB3.24237.115.3,Voltage-gated calcium channel|MAPK signaling,PlasmaPTau181-M40,Voltage-gated calcium channel|MAPK signaling,0.345839223186885,3,2.271,0.201545025756418
Merged,CUL4B,M24,ENSG00000158290,CUL4B.13743.56.3,Neddylation,PlasmaAB140P-M30;PlasmaPTau181-M22;PlasmapTau217_AB42Ratio-M4,Neddylation,0.283309940928498,4,3.338,0.201009903818006
PlasmaPTau181,MAX,M13,ENSG00000125952,MAX.12411.60.3,Histone methyltransferase,PlasmaPTau181-M13,Histone methyltransferase,0.310945543630327,1,0.543,0.199283817138195
PlasmaPTau181,UBE2Z,M8,ENSG00000159202,UBE2Z.21110.5.3,Protein Ubiquitination,PlasmaPTau181-M8,Protein Ubiquitination,0.211143475949039,7,3.908,0.198817764355245
Merged,TACSTD2,M1,ENSG00000184292,TACSTD2.14034.22.3,PI3K-Akt|JAK-STAT|MAPK signaling,PlasmaAB140P-M14;PlasmaAB140P-M2;PlasmaAB140P-M7;PlasmaAB142P-M1;PlasmaGFAP-M1;PlasmaNfL-M1;PlasmaNfL-M6;PlasmaPTau181-M1;PlasmaPTau181-M33;PlasmapTau217-M5;PlasmapTau217_AB42Ratio-M1,TGF-beta signaling;PI3K-Akt|MAPK signaling;JAK-STAT signaling;Ambiguous;PI3K-Akt|JAK-STAT|MAPK signaling;Cytokine|JAK-STAT signaling;Hormone response,-0.214946936994421,3,1.832,0.196197867254127
PlasmaPTau181,MYL6B,M18,ENSG00000196465,MYL6B.14227.21.3,Myosin,PlasmaPTau181-M18,Myosin,0.247519631596949,5,4.111,0.195569530640294
PlasmaGFAP,SERPINA3,M4,ENSG00000196136,SERPINA3.4153.11.2,Extracellular exosome,PlasmaGFAP-M4,Extracellular exosome,0.177204791289385,5,2.596,0.194688748236137
Merged,HNRNPD,M6,ENSG00000138668,HNRNPD.18348.89.3,RNA-binding,PlasmaAB140P-M10;PlasmaAB140P-M26;PlasmaAB142P-M9;PlasmaNfL-M16;PlasmaPTau181-M3;PlasmaGFAP-M7;Merged-M6,RNA-binding;Splicesosome;RNA-binding,-0.287701252710825,3,2.18,0.192836039811082
Merged,CD86,M2,ENSG00000114013,CD86.5337.64.3,Adaptive immunity|Immunoglobulins|Cytokines,PlasmaAB140P-M1;PlasmaAB142P-M20;PlasmaAB142P-M27;PlasmaAB142P-M3;PlasmaNfL-M34;PlasmaNfL-M38;PlasmaPTau181-M7;PlasmaAB140P-M53;PlasmaAB140P-M19;PlasmaPTau181-M9;PlasmapTau217-M4;Merged-M2,Cytokine signaling;Immunoglobulin;TNF receptor binding;Immunoglobulin;Immunoglobulin|TREM;Adaptive immunity|Immunoglobulin,-0.167239258397496,8,5.035,0.192821124018997
Merged,TNFRSF8,M2,ENSG00000120949,TNFRSF8.2605.49.2,Adaptive immunity|Immunoglobulins|Cytokines,PlasmaAB140P-M1;PlasmaAB142P-M20;PlasmaAB142P-M27;PlasmaAB142P-M3;PlasmaNfL-M34;PlasmaNfL-M38;PlasmaPTau181-M7;PlasmaAB140P-M53;PlasmaAB140P-M19;PlasmaPTau181-M9;PlasmapTau217-M4;Merged-M2,Cytokine signaling;Immunoglobulin;TNF receptor binding;Immunoglobulin;Immunoglobulin|TREM;Adaptive immunity|Immunoglobulin,0.268024613720556,7,3.998,0.192436210300725
Merged,CCL28,M2,ENSG00000151882,CCL28.2890.59.2,Adaptive immunity|Immunoglobulins|Cytokines,PlasmaAB140P-M1;PlasmaAB142P-M20;PlasmaAB142P-M27;PlasmaAB142P-M3;PlasmaNfL-M34;PlasmaNfL-M38;PlasmaPTau181-M7;PlasmaAB140P-M53;PlasmaAB140P-M19;PlasmaPTau181-M9;PlasmapTau217-M4;Merged-M2,Cytokine signaling;Immunoglobulin;TNF receptor binding;Immunoglobulin;Immunoglobulin|TREM;Adaptive immunity|Immunoglobulin,0.135506302930697,5,4.294,0.191407366611498
PlasmaAB140P,IST1,M17,ENSG00000182149,IST1.12434.25.3,Multivesicular body assembly,PlasmaAB140P-M17,Multivesicular body assembly,-0.571441422178056,5,4.863,0.190954146577072
Merged,GABARAPL1,M21,ENSG00000139112,GABARAPL1.12661.44.3,Autophagy,PlasmaAB142P-M19;PlasmaNfL-M13;PlasmaPTau181-M41,Autophagy,0.268488839921788,4.33333333333333,3.74833333333333,0.190875211787953
Merged,EFNA5,M4,ENSG00000184349,EFNA5.2615.60.2,Ephrin signaling,PlasmaAB140P-M4;PlasmaAB142P-M4;PlasmaGFAP-M3;PlasmaNfL-M2;PlasmaPTau181-M14;PlasmapTau217-M6,Ephrin signaling,0.535364622886332,14.3333333333333,12.0426666666667,0.190682106339181
Merged,F2,M3,ENSG00000180210,F2.4157.2.1,Complement cascade,PlasmaAB140P-M5;PlasmaAB142P-M2;PlasmaNfL-M19;PlasmaAB140P-M51;PlasmaAB142P-M37;PlasmaNfL-M4;PlasmapTau217_AB42Ratio-M2;Merged-M14;Merged-M7,Complement cascade;Complement cascade|Extracellular space;Ambiguous;Complement cascade,0.011101197717679,9.5,7.015,0.190445076403334
Merged,BAMBI,M5,ENSG00000095739,BAMBI.8811.24.3,Wnt signaling,PlasmaAB140P-M6;PlasmaAB142P-M6;PlasmaGFAP-M2;PlasmaNfL-M7;PlasmaPTau181-M11;PlasmapTau217-M2,Wnt signaling,0.273161214244342,5,4.627,0.188568614110405
Merged,ASB9,M24,ENSG00000102048,ASB9.19601.15.3,Neddylation,PlasmaAB140P-M30;PlasmaPTau181-M22;PlasmapTau217_AB42Ratio-M4,Neddylation,0.331480014207451,2,1.165,0.18838774762001
PlasmaPTau181,AP1G2,M26,ENSG00000213983,AP1G2.12714.38.3,Clathrin endocytosis,PlasmaPTau181-M26,Clathrin endocytosis,0.294675004462504,3,2.192,0.187902945610632
Merged,CHGB,M8,ENSG00000089199,CHGB.8235.48.3,Synaptic vesicle|SNARE complex,PlasmaAB140P-M11;PlasmaGFAP-M6;PlasmaNfL-M14;PlasmapTau217-M1;PlasmapTau217_AB42Ratio-M10;PlasmaPTau181-M25;Merged-M11,Synaptic vesicle|SNARE complex,0.257300340424506,2,0.922,0.186299932650694
Merged,GC,M3,ENSG00000145321,GC.15589.1.3,Complement cascade,PlasmaAB140P-M5;PlasmaAB142P-M2;PlasmaNfL-M19;PlasmaAB140P-M51;PlasmaAB142P-M37;PlasmaNfL-M4;PlasmapTau217_AB42Ratio-M2;Merged-M14;Merged-M7,Complement cascade;Complement cascade|Extracellular space;Ambiguous;Complement cascade,-0.165431713814783,11,7.805,0.18357892053846
PlasmaPTau181,VPS26A,M47,ENSG00000122958,VPS26A.19293.6.3,Endosomal transport,PlasmaPTau181-M47,Endosomal transport,0.324728986206849,2,1.89,0.182201811247205
PlasmaPTau181,ARPP19,M46,ENSG00000128989,ARPP19.4963.19.1,Cytoplasmic stress granule,PlasmaPTau181-M46,Cytoplasmic stress granule,0.26916389769268,1,0.618,0.182114046854716
Merged,SCFD1,M11,ENSG00000092108,SCFD1.24898.39.3,ER-Golgi transport,PlasmaAB140P-M25;PlasmaAB142P-M11;PlasmaPTau181-M29;PlasmaAB140P-M27;PlasmaPTau181-M6;Merged-M14,Golgi organization;ER-Golgi transport;ER-Golgi transport,0.15266614756806,4,3.025,0.180339338672992
Merged,IGFBP2,M1,ENSG00000115457,IGFBP2.22985.160.3,PI3K-Akt|JAK-STAT|MAPK signaling,PlasmaAB140P-M14;PlasmaAB140P-M2;PlasmaAB140P-M7;PlasmaAB142P-M1;PlasmaGFAP-M1;PlasmaNfL-M1;PlasmaNfL-M6;PlasmaPTau181-M1;PlasmaPTau181-M33;PlasmapTau217-M5;PlasmapTau217_AB42Ratio-M1,TGF-beta signaling;PI3K-Akt|MAPK signaling;JAK-STAT signaling;Ambiguous;PI3K-Akt|JAK-STAT|MAPK signaling;Cytokine|JAK-STAT signaling;Hormone response,0.270320208208486,3,1.8645,0.180231111919103
PlasmaPTau181,SGF29,M27,ENSG00000176476,SGF29.12788.6.3,DNA repair,PlasmaPTau181-M27,DNA repair,-0.203736187501708,2,1.998,0.179839360135962
Merged,IL22,M1,ENSG00000127318,IL22.13742.66.3,PI3K-Akt|JAK-STAT|MAPK signaling,PlasmaAB140P-M14;PlasmaAB140P-M2;PlasmaAB140P-M7;PlasmaAB142P-M1;PlasmaGFAP-M1;PlasmaNfL-M1;PlasmaNfL-M6;PlasmaPTau181-M1;PlasmaPTau181-M33;PlasmapTau217-M5;PlasmapTau217_AB42Ratio-M1,TGF-beta signaling;PI3K-Akt|MAPK signaling;JAK-STAT signaling;Ambiguous;PI3K-Akt|JAK-STAT|MAPK signaling;Cytokine|JAK-STAT signaling;Hormone response,0.169414452624599,7.33333333333333,5.69966666666667,0.179830521089922
Merged,GPT,M3,ENSG00000167701,GPT.16015.19.3,Complement cascade,PlasmaAB140P-M5;PlasmaAB142P-M2;PlasmaNfL-M19;PlasmaAB140P-M51;PlasmaAB142P-M37;PlasmaNfL-M4;PlasmapTau217_AB42Ratio-M2;Merged-M14;Merged-M7,Complement cascade;Complement cascade|Extracellular space;Ambiguous;Complement cascade,-0.31392667427487,10,6.361,0.179704272838718
Merged,LEP,M1,ENSG00000174697,LEP.2575.5.5,PI3K-Akt|JAK-STAT|MAPK signaling,PlasmaAB140P-M14;PlasmaAB140P-M2;PlasmaAB140P-M7;PlasmaAB142P-M1;PlasmaGFAP-M1;PlasmaNfL-M1;PlasmaNfL-M6;PlasmaPTau181-M1;PlasmaPTau181-M33;PlasmapTau217-M5;PlasmapTau217_AB42Ratio-M1,TGF-beta signaling;PI3K-Akt|MAPK signaling;JAK-STAT signaling;Ambiguous;PI3K-Akt|JAK-STAT|MAPK signaling;Cytokine|JAK-STAT signaling;Hormone response,-0.199268733842007,7.66666666666667,5.42833333333334,0.179063867495538
Merged,AGFG1,M1,ENSG00000173744,AGFG1.11681.8.3,PI3K-Akt|JAK-STAT|MAPK signaling,PlasmaAB140P-M14;PlasmaAB140P-M2;PlasmaAB140P-M7;PlasmaAB142P-M1;PlasmaGFAP-M1;PlasmaNfL-M1;PlasmaNfL-M6;PlasmaPTau181-M1;PlasmaPTau181-M33;PlasmapTau217-M5;PlasmapTau217_AB42Ratio-M1,TGF-beta signaling;PI3K-Akt|MAPK signaling;JAK-STAT signaling;Ambiguous;PI3K-Akt|JAK-STAT|MAPK signaling;Cytokine|JAK-STAT signaling;Hormone response,-0.689807098836148,2.5,1.5105,0.178583980709986
Merged,ST3GAL1,M18,ENSG00000008513,ST3GAL1.5657.28.3,Glycosylation,PlasmaAB140P-M33;PlasmaNfL-M17;PlasmaPTau181-M21;Merged-M23,Glycosylation,-0.170964997937684,5,3.937,0.177398193403413
Merged,C4A,M3,ENSG00000224389,C4A.C4B.2182.54.1,Complement cascade,PlasmaAB140P-M5;PlasmaAB142P-M2;PlasmaNfL-M19;PlasmaAB140P-M51;PlasmaAB142P-M37;PlasmaNfL-M4;PlasmapTau217_AB42Ratio-M2;Merged-M14;Merged-M7,Complement cascade;Complement cascade|Extracellular space;Ambiguous;Complement cascade,-0.129004235122212,8,6.961,0.175759105283341
Merged,TRA2B,M6,ENSG00000136527,TRA2B.12373.73.3,RNA-binding,PlasmaAB140P-M10;PlasmaAB140P-M26;PlasmaAB142P-M9;PlasmaNfL-M16;PlasmaPTau181-M3;PlasmaGFAP-M7;Merged-M6,RNA-binding;Splicesosome;RNA-binding,0.243116890014711,6.75,5.22225,0.17550542840738
Merged,MMP12,M2,ENSG00000262406,MMP12.4496.60.2,Adaptive immunity|Immunoglobulins|Cytokines,PlasmaAB140P-M1;PlasmaAB142P-M20;PlasmaAB142P-M27;PlasmaAB142P-M3;PlasmaNfL-M34;PlasmaNfL-M38;PlasmaPTau181-M7;PlasmaAB140P-M53;PlasmaAB140P-M19;PlasmaPTau181-M9;PlasmapTau217-M4;Merged-M2,Cytokine signaling;Immunoglobulin;TNF receptor binding;Immunoglobulin;Immunoglobulin|TREM;Adaptive immunity|Immunoglobulin,0.161674218612472,9,4.764,0.175412730452065
Merged,RHOA,M26,ENSG00000067560,RHOA.9855.10.3,RHO GTPase|Neurotrophin signaling,PlasmaAB140P-M12;PlasmaAB142P-M38,RHO GTPase|p75NTR signalling;Neurotrophin receptor,-0.427897572019894,8,6.4,0.17464231980402
Merged,FGF9,M1,ENSG00000102678,FGF9.19584.33.3,PI3K-Akt|JAK-STAT|MAPK signaling,PlasmaAB140P-M14;PlasmaAB140P-M2;PlasmaAB140P-M7;PlasmaAB142P-M1;PlasmaGFAP-M1;PlasmaNfL-M1;PlasmaNfL-M6;PlasmaPTau181-M1;PlasmaPTau181-M33;PlasmapTau217-M5;PlasmapTau217_AB42Ratio-M1,TGF-beta signaling;PI3K-Akt|MAPK signaling;JAK-STAT signaling;Ambiguous;PI3K-Akt|JAK-STAT|MAPK signaling;Cytokine|JAK-STAT signaling;Hormone response,-0.246425346874021,7.5,5.6125,0.174382496916919
Merged,IL18R1,M2,ENSG00000115604,IL18R1.14079.14.3,Adaptive immunity|Immunoglobulins|Cytokines,PlasmaAB140P-M1;PlasmaAB142P-M20;PlasmaAB142P-M27;PlasmaAB142P-M3;PlasmaNfL-M34;PlasmaNfL-M38;PlasmaPTau181-M7;PlasmaAB140P-M53;PlasmaAB140P-M19;PlasmaPTau181-M9;PlasmapTau217-M4;Merged-M2,Cytokine signaling;Immunoglobulin;TNF receptor binding;Immunoglobulin;Immunoglobulin|TREM;Adaptive immunity|Immunoglobulin,0.169961414655511,12,6.317,0.171539335378494
Merged,APOA5,M15,ENSG00000110243,APOA5.11318.20.3,HDL,PlasmaAB140P-M3;PlasmaAB142P-M18,HDL,-0.167431423013474,12,10.846,0.171031015119695
Merged,CLGN,M7,ENSG00000153132,CLGN.10600.24.3,Chaperone|Protein folding,PlasmaAB140P-M9;PlasmaPTau181-M2;PlasmaAB140P-M56;Merged-M7,Chaperone;Chaperone|Protein folding;Chaperonin TCP-1,-0.273317188003321,2,1.144,0.170681530446445
Merged,EGFR,M1,ENSG00000146648,EGFR.2677.1.1,PI3K-Akt|JAK-STAT|MAPK signaling,PlasmaAB140P-M14;PlasmaAB140P-M2;PlasmaAB140P-M7;PlasmaAB142P-M1;PlasmaGFAP-M1;PlasmaNfL-M1;PlasmaNfL-M6;PlasmaPTau181-M1;PlasmaPTau181-M33;PlasmapTau217-M5;PlasmapTau217_AB42Ratio-M1,TGF-beta signaling;PI3K-Akt|MAPK signaling;JAK-STAT signaling;Ambiguous;PI3K-Akt|JAK-STAT|MAPK signaling;Cytokine|JAK-STAT signaling;Hormone response,-0.367646747194812,21,15.53875,0.16861252567204
Merged,CXCL11,M2,ENSG00000169248,CXCL11.3038.9.2,Adaptive immunity|Immunoglobulins|Cytokines,PlasmaAB140P-M1;PlasmaAB142P-M20;PlasmaAB142P-M27;PlasmaAB142P-M3;PlasmaNfL-M34;PlasmaNfL-M38;PlasmaPTau181-M7;PlasmaAB140P-M53;PlasmaAB140P-M19;PlasmaPTau181-M9;PlasmapTau217-M4;Merged-M2,Cytokine signaling;Immunoglobulin;TNF receptor binding;Immunoglobulin;Immunoglobulin|TREM;Adaptive immunity|Immunoglobulin,0.169320557714479,8,5.607,0.168278522424933
Merged,TMED9,M11,ENSG00000184840,TMED9.21236.12.3,ER-Golgi transport,PlasmaAB140P-M25;PlasmaAB142P-M11;PlasmaPTau181-M29;PlasmaAB140P-M27;PlasmaPTau181-M6;Merged-M14,Golgi organization;ER-Golgi transport;ER-Golgi transport,0.431518101784518,3,2.452,0.168099961389208
PlasmaGFAP,B3GAT1,M9,ENSG00000109956,B3GAT1.21770.18.3,ECM proteoglycans,PlasmaGFAP-M9,ECM proteoglycans,0.191424245119195,3,1.937,0.168036946191901
Merged,UNC5D,M2,ENSG00000156687,UNC5D.5140.56.3,Adaptive immunity|Immunoglobulins|Cytokines,PlasmaAB140P-M1;PlasmaAB142P-M20;PlasmaAB142P-M27;PlasmaAB142P-M3;PlasmaNfL-M34;PlasmaNfL-M38;PlasmaPTau181-M7;PlasmaAB140P-M53;PlasmaAB140P-M19;PlasmaPTau181-M9;PlasmapTau217-M4;Merged-M2,Cytokine signaling;Immunoglobulin;TNF receptor binding;Immunoglobulin;Immunoglobulin|TREM;Adaptive immunity|Immunoglobulin,0.213720059501275,1,0.667,0.166150565081649
Merged,LEPR,M1,ENSG00000116678,LEPR.5400.52.3,PI3K-Akt|JAK-STAT|MAPK signaling,PlasmaAB140P-M14;PlasmaAB140P-M2;PlasmaAB140P-M7;PlasmaAB142P-M1;PlasmaGFAP-M1;PlasmaNfL-M1;PlasmaNfL-M6;PlasmaPTau181-M1;PlasmaPTau181-M33;PlasmapTau217-M5;PlasmapTau217_AB42Ratio-M1,TGF-beta signaling;PI3K-Akt|MAPK signaling;JAK-STAT signaling;Ambiguous;PI3K-Akt|JAK-STAT|MAPK signaling;Cytokine|JAK-STAT signaling;Hormone response,0.160656718361792,4,2.692,0.165190397093481
Merged,MPI,M9,ENSG00000178802,MPI.25233.2.3,Carbon metabolism,PlasmaAB140P-M8;PlasmaAB142P-M8;PlasmaABRatio-M2;PlasmaNfL-M40;PlasmaPTau181-M12;Merged-M12,Carbon metabolism|Gluconeogenesis;Carbon metabolism;Carbon metabolism|Glycolysis,0.277413597115954,4,2.994,0.164575277690868
Merged,COL13A1,M13,ENSG00000197467,COL13A1.6570.1.3,Collagen,PlasmaAB142P-M17;PlasmaNfL-M10;PlasmaPTau181-M15;PlasmapTau217-M7;PlasmapTau217_AB42Ratio-M7,Collagen,-0.28001946209337,6,3.261,0.164502746686592
Merged,ITLN1,M1,ENSG00000179914,ITLN1.18830.1.3,PI3K-Akt|JAK-STAT|MAPK signaling,PlasmaAB140P-M14;PlasmaAB140P-M2;PlasmaAB140P-M7;PlasmaAB142P-M1;PlasmaGFAP-M1;PlasmaNfL-M1;PlasmaNfL-M6;PlasmaPTau181-M1;PlasmaPTau181-M33;PlasmapTau217-M5;PlasmapTau217_AB42Ratio-M1,TGF-beta signaling;PI3K-Akt|MAPK signaling;JAK-STAT signaling;Ambiguous;PI3K-Akt|JAK-STAT|MAPK signaling;Cytokine|JAK-STAT signaling;Hormone response,0.229154907086397,1.5,1.1035,0.164410705784147
Merged,NRXN3,M14,ENSG00000021645,NRXN3.16323.8.3,Neurexins|Neuroligins,PlasmaAB140P-M13;PlasmaAB142P-M10;PlasmaGFAP-M8;PlasmaNfL-M11,Neurexins|Neuroligins,0.30931823032996,3.75,2.3255,0.164152661120791
PlasmaGFAP,PIK3CA,M12,ENSG00000145675,PIK3CA.PIK3R1.3390.72.2,NK cell cytotoxicity,PlasmaGFAP-M12,NK cell cytotoxicity,-0.26767372371738,3,2.554,0.163304852306056
PlasmaPTau181,BDNF,M5,ENSG00000176697,BDNF.14047.78.3,Dementia|HDL,PlasmaPTau181-M5,Dementia|HDL,0.213685668739374,3,2.336,0.163273540126323
Merged,EFNA3,M4,ENSG00000143590,EFNA3.14153.8.3,Ephrin signaling,PlasmaAB140P-M4;PlasmaAB142P-M4;PlasmaGFAP-M3;PlasmaNfL-M2;PlasmaPTau181-M14;PlasmapTau217-M6,Ephrin signaling,0.180331833387157,5,4.48,0.162803076082999
PlasmaAB140P,CHMP1B,M17,ENSG00000255112,CHMP1B.18207.6.3,Multivesicular body assembly,PlasmaAB140P-M17,Multivesicular body assembly,-0.60572822694494,5,4.971,0.162490554711952
Merged,SHBG,M1,ENSG00000129214,SHBG.4929.55.1,PI3K-Akt|JAK-STAT|MAPK signaling,PlasmaAB140P-M14;PlasmaAB140P-M2;PlasmaAB140P-M7;PlasmaAB142P-M1;PlasmaGFAP-M1;PlasmaNfL-M1;PlasmaNfL-M6;PlasmaPTau181-M1;PlasmaPTau181-M33;PlasmapTau217-M5;PlasmapTau217_AB42Ratio-M1,TGF-beta signaling;PI3K-Akt|MAPK signaling;JAK-STAT signaling;Ambiguous;PI3K-Akt|JAK-STAT|MAPK signaling;Cytokine|JAK-STAT signaling;Hormone response,0.183194479096765,3,2.0775,0.16139847176293
Merged,SUGT1,M7,ENSG00000165416,SUGT1.17818.22.3,Chaperone|Protein folding,PlasmaAB140P-M9;PlasmaPTau181-M2;PlasmaAB140P-M56;Merged-M7,Chaperone;Chaperone|Protein folding;Chaperonin TCP-1,-0.567928967877881,3,2.095,0.161390845571179
Merged,CRYGC,M2,ENSG00000163254,CRYGC.18203.9.3,Adaptive immunity|Immunoglobulins|Cytokines,PlasmaAB140P-M1;PlasmaAB142P-M20;PlasmaAB142P-M27;PlasmaAB142P-M3;PlasmaNfL-M34;PlasmaNfL-M38;PlasmaPTau181-M7;PlasmaAB140P-M53;PlasmaAB140P-M19;PlasmaPTau181-M9;PlasmapTau217-M4;Merged-M2,Cytokine signaling;Immunoglobulin;TNF receptor binding;Immunoglobulin;Immunoglobulin|TREM;Adaptive immunity|Immunoglobulin,0.286679881191012,4,2.23,0.160241771927083
PlasmaAB140P,NPLOC4,M35,ENSG00000182446,NPLOC4.12993.21.3,K48-dependent protein binding,PlasmaAB140P-M35,K48-dependent protein binding,-0.65613623082108,4,2.49,0.159706718903488
Merged,CAND1,M24,ENSG00000111530,CAND1.13937.75.3,Neddylation,PlasmaAB140P-M30;PlasmaPTau181-M22;PlasmapTau217_AB42Ratio-M4,Neddylation,0.270513045391475,4.5,3.4085,0.159078589989488
PlasmaPTau181,DPY30,M13,ENSG00000162961,DPY30.13943.38.3,Histone methyltransferase,PlasmaPTau181-M13,Histone methyltransferase,0.224647660967405,3,1.939,0.15824261949356
PlasmaPTau181,CACNB4,M40,ENSG00000182389,CACNB4.11130.158.3,Voltage-gated calcium channel|MAPK signaling,PlasmaPTau181-M40,Voltage-gated calcium channel|MAPK signaling,0.191777747986755,2,1.852,0.157711046267954
Merged,CXCL9,M2,ENSG00000138755,CXCL9.11593.21.3,Adaptive immunity|Immunoglobulins|Cytokines,PlasmaAB140P-M1;PlasmaAB142P-M20;PlasmaAB142P-M27;PlasmaAB142P-M3;PlasmaNfL-M34;PlasmaNfL-M38;PlasmaPTau181-M7;PlasmaAB140P-M53;PlasmaAB140P-M19;PlasmaPTau181-M9;PlasmapTau217-M4;Merged-M2,Cytokine signaling;Immunoglobulin;TNF receptor binding;Immunoglobulin;Immunoglobulin|TREM;Adaptive immunity|Immunoglobulin,-0.156668188000953,30,20.735,0.156790116424944
Merged,FZD5,M5,ENSG00000163251,FZD5.20066.19.3,Wnt signaling,PlasmaAB140P-M6;PlasmaAB142P-M6;PlasmaGFAP-M2;PlasmaNfL-M7;PlasmaPTau181-M11;PlasmapTau217-M2,Wnt signaling,0.236469826522717,10,6.87933333333333,0.156515314050728
PlasmaNfL,UNC5D,M32,ENSG00000156687,UNC5D.16307.22.3,Synaptic membrane adhesion,PlasmaNfL-M32,Synaptic membrane adhesion,0.439336014914523,2,1.001,0.156275469299802
Merged,CCL23,M2,ENSG00000274736,CCL23.3028.36.2,Adaptive immunity|Immunoglobulins|Cytokines,PlasmaAB140P-M1;PlasmaAB142P-M20;PlasmaAB142P-M27;PlasmaAB142P-M3;PlasmaNfL-M34;PlasmaNfL-M38;PlasmaPTau181-M7;PlasmaAB140P-M53;PlasmaAB140P-M19;PlasmaPTau181-M9;PlasmapTau217-M4;Merged-M2,Cytokine signaling;Immunoglobulin;TNF receptor binding;Immunoglobulin;Immunoglobulin|TREM;Adaptive immunity|Immunoglobulin,0.291503229548792,6.5,3.619,0.156200495699717
Merged,NOSIP,M7,ENSG00000142546,NOSIP.23525.27.3,Chaperone|Protein folding,PlasmaAB140P-M9;PlasmaPTau181-M2;PlasmaAB140P-M56;Merged-M7,Chaperone;Chaperone|Protein folding;Chaperonin TCP-1,0.202530904200047,3,1.597,0.15601475845168
PlasmapTau217,AGRN,M3,ENSG00000188157,AGRN.15483.377.3,Dermatan sulfate metabolism,PlasmapTau217-M3,Dermatan sulfate metabolism,-0.161640976691082,5,3.146,0.155285406463947
PlasmaPTau181,DLG4,M23,ENSG00000132535,DLG4.8070.88.3,Dendrite,PlasmaPTau181-M23,Dendrite,0.21414282489468,3,1.996,0.155225530801477
Merged,ERGIC1,M11,ENSG00000113719,ERGIC1.23372.112.3,ER-Golgi transport,PlasmaAB140P-M25;PlasmaAB142P-M11;PlasmaPTau181-M29;PlasmaAB140P-M27;PlasmaPTau181-M6;Merged-M14,Golgi organization;ER-Golgi transport;ER-Golgi transport,-0.271533331749118,1,0.549,0.155084337800055
Merged,CALR,M7,ENSG00000179218,CALR.5264.65.3,Chaperone|Protein folding,PlasmaAB140P-M9;PlasmaPTau181-M2;PlasmaAB140P-M56;Merged-M7,Chaperone;Chaperone|Protein folding;Chaperonin TCP-1,0.167625087147214,12,8.983,0.154670174386852
Merged,TKT,M9,ENSG00000163931,TKT.4306.4.2,Carbon metabolism,PlasmaAB140P-M8;PlasmaAB142P-M8;PlasmaABRatio-M2;PlasmaNfL-M40;PlasmaPTau181-M12;Merged-M12,Carbon metabolism|Gluconeogenesis;Carbon metabolism;Carbon metabolism|Glycolysis,-0.450748623128693,8.5,7.2965,0.154355637275024
Merged,VSIR,M2,ENSG00000107738,VSIR.14123.34.3,Adaptive immunity|Immunoglobulins|Cytokines,PlasmaAB140P-M1;PlasmaAB142P-M20;PlasmaAB142P-M27;PlasmaAB142P-M3;PlasmaNfL-M34;PlasmaNfL-M38;PlasmaPTau181-M7;PlasmaAB140P-M53;PlasmaAB140P-M19;PlasmaPTau181-M9;PlasmapTau217-M4;Merged-M2,Cytokine signaling;Immunoglobulin;TNF receptor binding;Immunoglobulin;Immunoglobulin|TREM;Adaptive immunity|Immunoglobulin,0.202274864490198,3,1.612,0.154060424548437
PlasmaPTau181,CLTA,M26,ENSG00000122705,CLTA.19257.11.3,Clathrin endocytosis,PlasmaPTau181-M26,Clathrin endocytosis,0.292547746573585,4,3.285,0.152714287161744
Merged,MAP1LC3A,M21,ENSG00000101460,MAP1LC3A.17781.191.3,Autophagy,PlasmaAB142P-M19;PlasmaNfL-M13;PlasmaPTau181-M41,Autophagy,0.311715504462726,4,3.271,0.152541628857424
Merged,COL28A1,M13,ENSG00000215018,COL28A1.10702.1.3,Collagen,PlasmaAB142P-M17;PlasmaNfL-M10;PlasmaPTau181-M15;PlasmapTau217-M7;PlasmapTau217_AB42Ratio-M7,Collagen,0.291937845555776,5,2.61725,0.152426458320337
PlasmaPTau181,HES6,M13,ENSG00000144485,HES6.24654.13.3,Histone methyltransferase,PlasmaPTau181-M13,Histone methyltransferase,0.292114698053253,1,0.525,0.152317486764401
Merged,RAPGEF1,M3,ENSG00000107263,RAPGEF1.25956.9.3,Complement cascade,PlasmaAB140P-M5;PlasmaAB142P-M2;PlasmaNfL-M19;PlasmaAB140P-M51;PlasmaAB142P-M37;PlasmaNfL-M4;PlasmapTau217_AB42Ratio-M2;Merged-M14;Merged-M7,Complement cascade;Complement cascade|Extracellular space;Ambiguous;Complement cascade,-0.373040683129669,4,2.276,0.152193558537882
Merged,MATN3,M13,ENSG00000132031,MATN3.19361.78.3,Collagen,PlasmaAB142P-M17;PlasmaNfL-M10;PlasmaPTau181-M15;PlasmapTau217-M7;PlasmapTau217_AB42Ratio-M7,Collagen,0.224634603770335,3,2.267,0.151553205562384
Merged,RSPO1,M5,ENSG00000169218,RSPO1.16614.27.3,Wnt signaling,PlasmaAB140P-M6;PlasmaAB142P-M6;PlasmaGFAP-M2;PlasmaNfL-M7;PlasmaPTau181-M11;PlasmapTau217-M2,Wnt signaling,0.226196960565441,6,3.2685,0.151527142375258
PlasmaNfL,INS,M3,ENSG00000254647,INS.4883.56.2,Extracellular space,PlasmaNfL-M3,Extracellular space,-0.161854615902851,12,9.001,0.151369705631226
Merged,CYBRD1,M8,ENSG00000071967,CYBRD1.24682.35.3,Synaptic vesicle|SNARE complex,PlasmaAB140P-M11;PlasmaGFAP-M6;PlasmaNfL-M14;PlasmapTau217-M1;PlasmapTau217_AB42Ratio-M10;PlasmaPTau181-M25;Merged-M11,Synaptic vesicle|SNARE complex,-0.225769155733468,1,0.564,0.15079949133342
PlasmaPTau181,CBR1,M20,ENSG00000159228,CBR1.12381.26.3,Alcohol dehydrogenase activity,PlasmaPTau181-M20,Alcohol dehydrogenase activity,0.215128647619704,4,3.524,0.15028806667977
PlasmaPTau181,CARD9,M37,ENSG00000187796,CARD9.11405.150.3,NOD pathway|NFkB,PlasmaPTau181-M37,NOD pathway|NFkB,0.204435001646163,3,1.99,0.149475574079489
Merged,PPY,M8,ENSG00000108849,PPY.4588.1.2,Synaptic vesicle|SNARE complex,PlasmaAB140P-M11;PlasmaGFAP-M6;PlasmaNfL-M14;PlasmapTau217-M1;PlasmapTau217_AB42Ratio-M10;PlasmaPTau181-M25;Merged-M11,Synaptic vesicle|SNARE complex,0.229752677631441,1,0.435,0.147311000047069
PlasmaPTau181,COX5A,M43,ENSG00000178741,COX5A.18226.148.3,Respiratory chain,PlasmaPTau181-M43,Respiratory chain,0.286455818783183,3,2.662,0.147132281325626
Merged,PDPK1,M26,ENSG00000140992,PDPK1.4460.8.2,RHO GTPase|Neurotrophin signaling,PlasmaAB140P-M12;PlasmaAB142P-M38,RHO GTPase|p75NTR signalling;Neurotrophin receptor,-0.68828067417679,4,2.747,0.146507292642751
PlasmaPTau181,NOTCH1,M13,ENSG00000148400,NOTCH1.5107.7.2,Histone methyltransferase,PlasmaPTau181-M13,Histone methyltransferase,-0.183658920078981,4,2.44,0.14573312322512
Merged,APOC1,M15,ENSG00000130208,APOC1.15364.101.3,HDL,PlasmaAB140P-M3;PlasmaAB142P-M18,HDL,-0.211575076553646,8.5,7.8005,0.144856189721774
Merged,COPS8,M24,ENSG00000198612,COPS8.22119.18.3,Neddylation,PlasmaAB140P-M30;PlasmaPTau181-M22;PlasmapTau217_AB42Ratio-M4,Neddylation,-0.196528236514077,2.5,1.5815,0.144783037765852
PlasmaPTau181,FABP1,M30,ENSG00000163586,FABP1.11516.7.3,Fatty acid transport,PlasmaPTau181-M30,Fatty acid transport,0.192518679495835,2,1.864,0.142793005461231
Merged,KNG1,M10,ENSG00000113889,KNG1.4918.21.1,Neuroactive ligand-receptor interaction,PlasmaNfL-M5;PlasmaPTau181-M17;PlasmaAB140P-M52;PlasmaAB140P-M49;PlasmaAB142P-M7;Merged-M17,Neuroactive ligand-receptor interaction|Antigen presentation;Neuroactive ligand-receptor interaction;Neuroactive ligand-receptor interaction,-0.155075436271132,6,4.0575,0.141794576629969
Merged,PLAC8L1,M32,ENSG00000173261,PLAC8L1.22532.59.3,Synapse assembly,PlasmaGFAP-M5;PlasmaNfL-M42,Synapse assembly;Synapse assembly|Slitrk family,-0.252830595521009,1,0.411,0.141418218060182
Merged,MDH2,M9,ENSG00000146701,MDH2.15534.26.3,Carbon metabolism,PlasmaAB140P-M8;PlasmaAB142P-M8;PlasmaABRatio-M2;PlasmaNfL-M40;PlasmaPTau181-M12;Merged-M12,Carbon metabolism|Gluconeogenesis;Carbon metabolism;Carbon metabolism|Glycolysis,-0.575000739956239,7,4.74,0.141393215031176
PlasmaGFAP,GC,M4,ENSG00000145321,GC.15589.1.3,Extracellular exosome,PlasmaGFAP-M4,Extracellular exosome,0.197721558578655,3,2.046,0.140821457725631
Merged,DNAJB12,M7,ENSG00000148719,DNAJB12.8006.12.3,Chaperone|Protein folding,PlasmaAB140P-M9;PlasmaPTau181-M2;PlasmaAB140P-M56;Merged-M7,Chaperone;Chaperone|Protein folding;Chaperonin TCP-1,0.360068073086722,5.5,3.0185,0.140732372499611
Merged,CTF1,M1,ENSG00000150281,CTF1.13732.79.3,PI3K-Akt|JAK-STAT|MAPK signaling,PlasmaAB140P-M14;PlasmaAB140P-M2;PlasmaAB140P-M7;PlasmaAB142P-M1;PlasmaGFAP-M1;PlasmaNfL-M1;PlasmaNfL-M6;PlasmaPTau181-M1;PlasmaPTau181-M33;PlasmapTau217-M5;PlasmapTau217_AB42Ratio-M1,TGF-beta signaling;PI3K-Akt|MAPK signaling;JAK-STAT signaling;Ambiguous;PI3K-Akt|JAK-STAT|MAPK signaling;Cytokine|JAK-STAT signaling;Hormone response,0.228798059669488,3.5,2.513,0.140592704313173
Merged,GSK3B,M19,ENSG00000082701,GSK3B.24050.26.3,Focal adhesion|Integrins,PlasmaAB140P-M43;PlasmaAB142P-M14;PlasmaAB142P-M21,Integrins;Synapse|Focal adhesion;Focal adhesion|Integrins,-0.598409994429157,3,2.166,0.140325065171882
PlasmaGFAP,IFNGR1,M12,ENSG00000027697,IFNGR1.5825.49.3,NK cell cytotoxicity,PlasmaGFAP-M12,NK cell cytotoxicity,0.202862493227027,1,0.914,0.139888621104651
Merged,RARRES2,M2,ENSG00000106538,RARRES2.3079.62.2,Adaptive immunity|Immunoglobulins|Cytokines,PlasmaAB140P-M1;PlasmaAB142P-M20;PlasmaAB142P-M27;PlasmaAB142P-M3;PlasmaNfL-M34;PlasmaNfL-M38;PlasmaPTau181-M7;PlasmaAB140P-M53;PlasmaAB140P-M19;PlasmaPTau181-M9;PlasmapTau217-M4;Merged-M2,Cytokine signaling;Immunoglobulin;TNF receptor binding;Immunoglobulin;Immunoglobulin|TREM;Adaptive immunity|Immunoglobulin,0.299478689490236,3,1.427,0.139740518438569
Merged,RPS20,M12,ENSG00000008988,RPS20.21643.8.3,Translation,PlasmaAB140P-M32;PlasmaAB142P-M5;PlasmaAB140P-M42;PlasmaNfL-M8;PlasmaPTau181-M34;Merged-M27;Merged-M16,Translation;Nucleolus|Translation,0.402769981337709,7.5,6.336,0.139693510380261
Merged,PUDP,M9,ENSG00000130021,PUDP.20912.10.3,Carbon metabolism,PlasmaAB140P-M8;PlasmaAB142P-M8;PlasmaABRatio-M2;PlasmaNfL-M40;PlasmaPTau181-M12;Merged-M12,Carbon metabolism|Gluconeogenesis;Carbon metabolism;Carbon metabolism|Glycolysis,0.199374114120344,2,1.755,0.138909240081498
Merged,ESAM,M2,ENSG00000149564,ESAM.2981.9.3,Adaptive immunity|Immunoglobulins|Cytokines,PlasmaAB140P-M1;PlasmaAB142P-M20;PlasmaAB142P-M27;PlasmaAB142P-M3;PlasmaNfL-M34;PlasmaNfL-M38;PlasmaPTau181-M7;PlasmaAB140P-M53;PlasmaAB140P-M19;PlasmaPTau181-M9;PlasmapTau217-M4;Merged-M2,Cytokine signaling;Immunoglobulin;TNF receptor binding;Immunoglobulin;Immunoglobulin|TREM;Adaptive immunity|Immunoglobulin,0.248410068524613,2,1.099,0.138641538667869
Merged,NEFL,M8,ENSG00000277586,NEFL.10082.251.3,Synaptic vesicle|SNARE complex,PlasmaAB140P-M11;PlasmaGFAP-M6;PlasmaNfL-M14;PlasmapTau217-M1;PlasmapTau217_AB42Ratio-M10;PlasmaPTau181-M25;Merged-M11,Synaptic vesicle|SNARE complex,-0.215788543925423,1,0.711,0.138403138032618
Merged,LGALS9,M2,ENSG00000168961,LGALS9.9197.4.3,Adaptive immunity|Immunoglobulins|Cytokines,PlasmaAB140P-M1;PlasmaAB142P-M20;PlasmaAB142P-M27;PlasmaAB142P-M3;PlasmaNfL-M34;PlasmaNfL-M38;PlasmaPTau181-M7;PlasmaAB140P-M53;PlasmaAB140P-M19;PlasmaPTau181-M9;PlasmapTau217-M4;Merged-M2,Cytokine signaling;Immunoglobulin;TNF receptor binding;Immunoglobulin;Immunoglobulin|TREM;Adaptive immunity|Immunoglobulin,0.290860686805745,11.5,7.537,0.13829134955088
Merged,IFNW1,M1,ENSG00000177047,IFNW1.7196.21.3,PI3K-Akt|JAK-STAT|MAPK signaling,PlasmaAB140P-M14;PlasmaAB140P-M2;PlasmaAB140P-M7;PlasmaAB142P-M1;PlasmaGFAP-M1;PlasmaNfL-M1;PlasmaNfL-M6;PlasmaPTau181-M1;PlasmaPTau181-M33;PlasmapTau217-M5;PlasmapTau217_AB42Ratio-M1,TGF-beta signaling;PI3K-Akt|MAPK signaling;JAK-STAT signaling;Ambiguous;PI3K-Akt|JAK-STAT|MAPK signaling;Cytokine|JAK-STAT signaling;Hormone response,-0.138926985050961,5,3.096,0.137734856095921
Merged,CNTFR,M1,ENSG00000122756,CNTFR.2711.6.2,PI3K-Akt|JAK-STAT|MAPK signaling,PlasmaAB140P-M14;PlasmaAB140P-M2;PlasmaAB140P-M7;PlasmaAB142P-M1;PlasmaGFAP-M1;PlasmaNfL-M1;PlasmaNfL-M6;PlasmaPTau181-M1;PlasmaPTau181-M33;PlasmapTau217-M5;PlasmapTau217_AB42Ratio-M1,TGF-beta signaling;PI3K-Akt|MAPK signaling;JAK-STAT signaling;Ambiguous;PI3K-Akt|JAK-STAT|MAPK signaling;Cytokine|JAK-STAT signaling;Hormone response,0.247379402456861,1.5,1.0645,0.13767256817652
Merged,WIF1,M5,ENSG00000156076,WIF1.2848.2.2,Wnt signaling,PlasmaAB140P-M6;PlasmaAB142P-M6;PlasmaGFAP-M2;PlasmaNfL-M7;PlasmaPTau181-M11;PlasmapTau217-M2,Wnt signaling,0.34549655845711,10,7.67,0.137381318380617
Merged,PDGFD,M4,ENSG00000170962,PDGFD.9341.1.3,Ephrin signaling,PlasmaAB140P-M4;PlasmaAB142P-M4;PlasmaGFAP-M3;PlasmaNfL-M2;PlasmaPTau181-M14;PlasmapTau217-M6,Ephrin signaling,0.198399847308559,1,0.705,0.136528422685583
PlasmaPTau181,APOF,M5,ENSG00000175336,APOF.12370.30.3,Dementia|HDL,PlasmaPTau181-M5,Dementia|HDL,0.24809625249293,2,1.366,0.13630236561821
PlasmaPTau181,CAPG,M20,ENSG00000042493,CAPG.4968.50.1,Alcohol dehydrogenase activity,PlasmaPTau181-M20,Alcohol dehydrogenase activity,0.274476107623619,1,0.433,0.136155326261739
PlasmaPTau181,APOC1,M5,ENSG00000130208,APOC1.15364.101.3,Dementia|HDL,PlasmaPTau181-M5,Dementia|HDL,-0.190482366467729,2,1.619,0.135837363152878
PlasmaPTau181,TAX1BP3,M27,ENSG00000213977,TAX1BP3.12498.12.3,DNA repair,PlasmaPTau181-M27,DNA repair,0.27349926627819,2,0.886,0.135260250962302
Merged,SOD3,M7,ENSG00000109610,SOD3.5660.51.3,Chaperone|Protein folding,PlasmaAB140P-M9;PlasmaPTau181-M2;PlasmaAB140P-M56;Merged-M7,Chaperone;Chaperone|Protein folding;Chaperonin TCP-1,0.206418941807689,3,1.926,0.134143375014681
Merged,HNRNPA2B1,M6,ENSG00000122566,HNRNPA2B1.5351.52.3,RNA-binding,PlasmaAB140P-M10;PlasmaAB140P-M26;PlasmaAB142P-M9;PlasmaNfL-M16;PlasmaPTau181-M3;PlasmaGFAP-M7;Merged-M6,RNA-binding;Splicesosome;RNA-binding,0.241106529658356,9.66666666666667,7.39366666666667,0.134073881543614
PlasmaAB142P,CAB39,M36,ENSG00000135932,CAB39.17757.86.3,Protein phosphatase,PlasmaAB142P-M36,Protein phosphatase,-0.643259630676318,1,0.449,0.133713632791101
Merged,S100A13,M8,ENSG00000189171,S100A13.7223.60.3,Synaptic vesicle|SNARE complex,PlasmaAB140P-M11;PlasmaGFAP-M6;PlasmaNfL-M14;PlasmapTau217-M1;PlasmapTau217_AB42Ratio-M10;PlasmaPTau181-M25;Merged-M11,Synaptic vesicle|SNARE complex,-0.199568063118259,1,0.999,0.133703141300024
Merged,EPHA4,M4,ENSG00000116106,EPHA4.7190.50.3,Ephrin signaling,PlasmaAB140P-M4;PlasmaAB142P-M4;PlasmaGFAP-M3;PlasmaNfL-M2;PlasmaPTau181-M14;PlasmapTau217-M6,Ephrin signaling,0.293955851693282,12,9.632,0.133585987675099
PlasmaAB142P,PPP2R5A,M36,ENSG00000066027,PPP2R5A.13622.16.3,Protein phosphatase,PlasmaAB142P-M36,Protein phosphatase,-0.537065492365841,3,1.94,0.13257227782072
Merged,WNT10B,M5,ENSG00000169884,WNT10B.21940.12.3,Wnt signaling,PlasmaAB140P-M6;PlasmaAB142P-M6;PlasmaGFAP-M2;PlasmaNfL-M7;PlasmaPTau181-M11;PlasmapTau217-M2,Wnt signaling,-0.169866713544743,4,3.359,0.132294078173553
Merged,KHSRP,M6,ENSG00000088247,KHSRP.24926.9.3,RNA-binding,PlasmaAB140P-M10;PlasmaAB140P-M26;PlasmaAB142P-M9;PlasmaNfL-M16;PlasmaPTau181-M3;PlasmaGFAP-M7;Merged-M6,RNA-binding;Splicesosome;RNA-binding,-0.169336370289103,2,1.416,0.13218823370133
Merged,SERPINC1,M3,ENSG00000117601,SERPINC1.3344.60.4,Complement cascade,PlasmaAB140P-M5;PlasmaAB142P-M2;PlasmaNfL-M19;PlasmaAB140P-M51;PlasmaAB142P-M37;PlasmaNfL-M4;PlasmapTau217_AB42Ratio-M2;Merged-M14;Merged-M7,Complement cascade;Complement cascade|Extracellular space;Ambiguous;Complement cascade,-0.153666669022901,13,9.325,0.13191617865705
Merged,PDPK1,M19,ENSG00000140992,PDPK1.4460.8.2,Focal adhesion|Integrins,PlasmaAB140P-M43;PlasmaAB142P-M14;PlasmaAB142P-M21,Integrins;Synapse|Focal adhesion;Focal adhesion|Integrins,-0.528403875179546,1,0.801,0.131679879271261
Merged,TNFRSF1A,M2,ENSG00000067182,TNFRSF1A.2654.19.1,Adaptive immunity|Immunoglobulins|Cytokines,PlasmaAB140P-M1;PlasmaAB142P-M20;PlasmaAB142P-M27;PlasmaAB142P-M3;PlasmaNfL-M34;PlasmaNfL-M38;PlasmaPTau181-M7;PlasmaAB140P-M53;PlasmaAB140P-M19;PlasmaPTau181-M9;PlasmapTau217-M4;Merged-M2,Cytokine signaling;Immunoglobulin;TNF receptor binding;Immunoglobulin;Immunoglobulin|TREM;Adaptive immunity|Immunoglobulin,0.579938786654343,9.33333333333333,6.73333333333333,0.131483751096257
Merged,ROBO4,M2,ENSG00000154133,ROBO4.9232.1.3,Adaptive immunity|Immunoglobulins|Cytokines,PlasmaAB140P-M1;PlasmaAB142P-M20;PlasmaAB142P-M27;PlasmaAB142P-M3;PlasmaNfL-M34;PlasmaNfL-M38;PlasmaPTau181-M7;PlasmaAB140P-M53;PlasmaAB140P-M19;PlasmaPTau181-M9;PlasmapTau217-M4;Merged-M2,Cytokine signaling;Immunoglobulin;TNF receptor binding;Immunoglobulin;Immunoglobulin|TREM;Adaptive immunity|Immunoglobulin,0.215669360882732,2,1.469,0.131110602390573
Merged,NBL1,M27,ENSG00000158747,NBL1.2944.66.2,BMP signaling,PlasmaNfL-M15;PlasmaPTau181-M31,BMP signaling,0.303924436410111,1.5,1.136,0.130763456699468
Merged,ROS1,M1,ENSG00000047936,ROS1.9032.30.3,PI3K-Akt|JAK-STAT|MAPK signaling,PlasmaAB140P-M14;PlasmaAB140P-M2;PlasmaAB140P-M7;PlasmaAB142P-M1;PlasmaGFAP-M1;PlasmaNfL-M1;PlasmaNfL-M6;PlasmaPTau181-M1;PlasmaPTau181-M33;PlasmapTau217-M5;PlasmapTau217_AB42Ratio-M1,TGF-beta signaling;PI3K-Akt|MAPK signaling;JAK-STAT signaling;Ambiguous;PI3K-Akt|JAK-STAT|MAPK signaling;Cytokine|JAK-STAT signaling;Hormone response,0.229649101348215,1,0.494,0.12899928461419
Merged,TSSC4,M6,ENSG00000184281,TSSC4.18181.2.3,RNA-binding,PlasmaAB140P-M10;PlasmaAB140P-M26;PlasmaAB142P-M9;PlasmaNfL-M16;PlasmaPTau181-M3;PlasmaGFAP-M7;Merged-M6,RNA-binding;Splicesosome;RNA-binding,0.357342942922533,2.5,1.627,0.128849558466599
PlasmaPTau181,SPON1,M5,ENSG00000262655,SPON1.5496.49.3,Dementia|HDL,PlasmaPTau181-M5,Dementia|HDL,0.218753849643576,2,1.707,0.128773627390005
Merged,S100A13,M36,ENSG00000189171,S100A13.7223.60.3,Post-chaperonin tubulin folding,PlasmaABRatio-M1;PlasmapTau217_AB42Ratio-M6,Post-chaperonin tubulin folding;Nucleolus,0.018339078087081,1,0.421,0.128690335941011
Merged,AZGP1,M3,ENSG00000160862,AZGP1.9312.8.3,Complement cascade,PlasmaAB140P-M5;PlasmaAB142P-M2;PlasmaNfL-M19;PlasmaAB140P-M51;PlasmaAB142P-M37;PlasmaNfL-M4;PlasmapTau217_AB42Ratio-M2;Merged-M14;Merged-M7,Complement cascade;Complement cascade|Extracellular space;Ambiguous;Complement cascade,0.207304727778977,2,1.137,0.128405645924454
Merged,DKK2,M5,ENSG00000155011,DKK2.15678.71.3,Wnt signaling,PlasmaAB140P-M6;PlasmaAB142P-M6;PlasmaGFAP-M2;PlasmaNfL-M7;PlasmaPTau181-M11;PlasmapTau217-M2,Wnt signaling,0.18496387404795,5,4.337,0.128250259698092
Merged,MATK,M1,ENSG00000007264,MATK.3823.9.1,PI3K-Akt|JAK-STAT|MAPK signaling,PlasmaAB140P-M14;PlasmaAB140P-M2;PlasmaAB140P-M7;PlasmaAB142P-M1;PlasmaGFAP-M1;PlasmaNfL-M1;PlasmaNfL-M6;PlasmaPTau181-M1;PlasmaPTau181-M33;PlasmapTau217-M5;PlasmapTau217_AB42Ratio-M1,TGF-beta signaling;PI3K-Akt|MAPK signaling;JAK-STAT signaling;Ambiguous;PI3K-Akt|JAK-STAT|MAPK signaling;Cytokine|JAK-STAT signaling;Hormone response,-0.21195377387615,4,2.703,0.128016128943501
PlasmaAB140P,YARS1,M20,ENSG00000134684,YARS1.19270.26.3,tRNA aminoacylation,PlasmaAB140P-M20,tRNA aminoacylation,-0.570937129807618,5,3.948,0.127889090620475
Merged,RDX,M16,ENSG00000137710,RDX.18373.13.3,Cadherin|Cell adhesion,PlasmaAB140P-M36;PlasmaAB142P-M13;PlasmaAB140P-M54;PlasmaAB142P-M15,Cadherin|Cell adhesion;Ambiguous;Cell adhesion,-0.415627350475734,4.5,3.029,0.127386035995371
Merged,WEE2,M17,ENSG00000214102,WEE2.25038.5.3,Cell cycle,PlasmaNfL-M12;PlasmaPTau181-M10;PlasmaABRatio-M3;Merged-M19,DNA repair;Cell cycle;Cell cycle|RHO GTPase,0.166327150093156,3,2.283,0.127326101908826
Merged,ERH,M6,ENSG00000100632,ERH.11614.29.3,RNA-binding,PlasmaAB140P-M10;PlasmaAB140P-M26;PlasmaAB142P-M9;PlasmaNfL-M16;PlasmaPTau181-M3;PlasmaGFAP-M7;Merged-M6,RNA-binding;Splicesosome;RNA-binding,0.184658284564511,8,5.224,0.127322155191073
Merged,PTN,M1,ENSG00000105894,PTN.3045.72.2,PI3K-Akt|JAK-STAT|MAPK signaling,PlasmaAB140P-M14;PlasmaAB140P-M2;PlasmaAB140P-M7;PlasmaAB142P-M1;PlasmaGFAP-M1;PlasmaNfL-M1;PlasmaNfL-M6;PlasmaPTau181-M1;PlasmaPTau181-M33;PlasmapTau217-M5;PlasmapTau217_AB42Ratio-M1,TGF-beta signaling;PI3K-Akt|MAPK signaling;JAK-STAT signaling;Ambiguous;PI3K-Akt|JAK-STAT|MAPK signaling;Cytokine|JAK-STAT signaling;Hormone response,0.352005584565407,2,0.832,0.127320058879576
PlasmaPTau181,NEGR1,M23,ENSG00000172260,NEGR1.7050.5.3,Dendrite,PlasmaPTau181-M23,Dendrite,0.228752963638241,2,1.028,0.127308694444639
Merged,CAMK2D,M29,ENSG00000145349,CAMK2D.3419.49.2,Actin dynamics,PlasmaAB140P-M39;PlasmaPTau181-M32,Actin binding;Actin filament,0.213663629948239,1,0.702,0.126900009051168
Merged,RPL26L1,M12,ENSG00000037241,RPL26L1.21583.14.3,Translation,PlasmaAB140P-M32;PlasmaAB142P-M5;PlasmaAB140P-M42;PlasmaNfL-M8;PlasmaPTau181-M34;Merged-M27;Merged-M16,Translation;Nucleolus|Translation,-0.227389639001607,7,6.049,0.12574373125696
PlasmaPTau181,ATP5PB,M43,ENSG00000116459,ATP5PB.23226.42.3,Respiratory chain,PlasmaPTau181-M43,Respiratory chain,-0.161881962922124,2,1.908,0.125689630554713
Merged,TNFRSF4,M2,ENSG00000186827,TNFRSF4.3730.81.2,Adaptive immunity|Immunoglobulins|Cytokines,PlasmaAB140P-M1;PlasmaAB142P-M20;PlasmaAB142P-M27;PlasmaAB142P-M3;PlasmaNfL-M34;PlasmaNfL-M38;PlasmaPTau181-M7;PlasmaAB140P-M53;PlasmaAB140P-M19;PlasmaPTau181-M9;PlasmapTau217-M4;Merged-M2,Cytokine signaling;Immunoglobulin;TNF receptor binding;Immunoglobulin;Immunoglobulin|TREM;Adaptive immunity|Immunoglobulin,0.209074788542541,14,8.628,0.124430310795261
PlasmaPTau181,VPS29,M47,ENSG00000111237,VPS29.14318.1.3,Endosomal transport,PlasmaPTau181-M47,Endosomal transport,-0.155951451517259,3,2.778,0.12305558199742
Merged,FGF16,M1,ENSG00000196468,FGF16.4393.3.1,PI3K-Akt|JAK-STAT|MAPK signaling,PlasmaAB140P-M14;PlasmaAB140P-M2;PlasmaAB140P-M7;PlasmaAB142P-M1;PlasmaGFAP-M1;PlasmaNfL-M1;PlasmaNfL-M6;PlasmaPTau181-M1;PlasmaPTau181-M33;PlasmapTau217-M5;PlasmapTau217_AB42Ratio-M1,TGF-beta signaling;PI3K-Akt|MAPK signaling;JAK-STAT signaling;Ambiguous;PI3K-Akt|JAK-STAT|MAPK signaling;Cytokine|JAK-STAT signaling;Hormone response,-0.302275323731275,6,4.461,0.122842146035384
PlasmaPTau181,AKR1C1,M20,ENSG00000187134,AKR1C1.12618.50.3,Alcohol dehydrogenase activity,PlasmaPTau181-M20,Alcohol dehydrogenase activity,-0.177402811334258,2,1.224,0.121323699752715
Merged,FRZB,M5,ENSG00000162998,FRZB.2841.13.2,Wnt signaling,PlasmaAB140P-M6;PlasmaAB142P-M6;PlasmaGFAP-M2;PlasmaNfL-M7;PlasmaPTau181-M11;PlasmapTau217-M2,Wnt signaling,0.297176865253435,7,4.724,0.121072290424532
PlasmaAB140P,SRC,M18,ENSG00000197122,SRC.5488.74.3,Tyrosine kinase receptor signaling,PlasmaAB140P-M18,Tyrosine kinase receptor signaling,-0.441479429651527,6,5.16,0.121023812410975
Merged,RPS3A,M12,ENSG00000145425,RPS3A.5484.63.3,Translation,PlasmaAB140P-M32;PlasmaAB142P-M5;PlasmaAB140P-M42;PlasmaNfL-M8;PlasmaPTau181-M34;Merged-M27;Merged-M16,Translation;Nucleolus|Translation,-0.192732086710721,5,4.4455,0.120161019674319
Merged,PPCS,M25,ENSG00000127125,PPCS.17843.30.3,Amino acid metabolism,PlasmaAB140P-M34;PlasmaAB142P-M12,Amino acid metabolism,-0.532329513417699,2,1.603,0.119257271863973
PlasmaPTau181,AIM2,M37,ENSG00000163568,AIM2.25889.108.3,NOD pathway|NFkB,PlasmaPTau181-M37,NOD pathway|NFkB,-0.182403990571767,3,2.535,0.118854577001093
PlasmaAB142P,UNC5B,M28,ENSG00000107731,UNC5B.7776.20.3,Axon guidance|Netrin signaling,PlasmaAB142P-M28,Axon guidance|Netrin signaling,0.538507847940317,3,1.91,0.118772154964716
Merged,SLITRK5,M32,ENSG00000165300,SLITRK5.4568.17.2,Synapse assembly,PlasmaGFAP-M5;PlasmaNfL-M42,Synapse assembly;Synapse assembly|Slitrk family,0.262386250038102,1,0.698,0.118678990076212
Merged,STX2,M8,ENSG00000111450,STX2.7738.299.3,Synaptic vesicle|SNARE complex,PlasmaAB140P-M11;PlasmaGFAP-M6;PlasmaNfL-M14;PlasmapTau217-M1;PlasmapTau217_AB42Ratio-M10;PlasmaPTau181-M25;Merged-M11,Synaptic vesicle|SNARE complex,0.234635412981117,5.5,3.7135,0.118369504503975
Merged,IL6,M1,ENSG00000160712,IL6.IL6R.21946.79.3,PI3K-Akt|JAK-STAT|MAPK signaling,PlasmaAB140P-M14;PlasmaAB140P-M2;PlasmaAB140P-M7;PlasmaAB142P-M1;PlasmaGFAP-M1;PlasmaNfL-M1;PlasmaNfL-M6;PlasmaPTau181-M1;PlasmaPTau181-M33;PlasmapTau217-M5;PlasmapTau217_AB42Ratio-M1,TGF-beta signaling;PI3K-Akt|MAPK signaling;JAK-STAT signaling;Ambiguous;PI3K-Akt|JAK-STAT|MAPK signaling;Cytokine|JAK-STAT signaling;Hormone response,-0.175885405158163,11,8.785,0.118265916109233
Merged,EFNA2,M4,ENSG00000099617,EFNA2.14124.6.3,Ephrin signaling,PlasmaAB140P-M4;PlasmaAB142P-M4;PlasmaGFAP-M3;PlasmaNfL-M2;PlasmaPTau181-M14;PlasmapTau217-M6,Ephrin signaling,0.437124611955228,12.5,10.383,0.117397972817557
Merged,PPBP,M2,ENSG00000163736,PPBP.2790.54.2,Adaptive immunity|Immunoglobulins|Cytokines,PlasmaAB140P-M1;PlasmaAB142P-M20;PlasmaAB142P-M27;PlasmaAB142P-M3;PlasmaNfL-M34;PlasmaNfL-M38;PlasmaPTau181-M7;PlasmaAB140P-M53;PlasmaAB140P-M19;PlasmaPTau181-M9;PlasmapTau217-M4;Merged-M2,Cytokine signaling;Immunoglobulin;TNF receptor binding;Immunoglobulin;Immunoglobulin|TREM;Adaptive immunity|Immunoglobulin,0.233647124639456,6,4.021,0.116855494129693
Merged,NTRK2,M1,ENSG00000148053,NTRK2.4866.59.2,PI3K-Akt|JAK-STAT|MAPK signaling,PlasmaAB140P-M14;PlasmaAB140P-M2;PlasmaAB140P-M7;PlasmaAB142P-M1;PlasmaGFAP-M1;PlasmaNfL-M1;PlasmaNfL-M6;PlasmaPTau181-M1;PlasmaPTau181-M33;PlasmapTau217-M5;PlasmapTau217_AB42Ratio-M1,TGF-beta signaling;PI3K-Akt|MAPK signaling;JAK-STAT signaling;Ambiguous;PI3K-Akt|JAK-STAT|MAPK signaling;Cytokine|JAK-STAT signaling;Hormone response,-0.187014714492519,7,4.868,0.116574219764298
Merged,FOXO1,M1,ENSG00000150907,FOXO1.22055.31.3,PI3K-Akt|JAK-STAT|MAPK signaling,PlasmaAB140P-M14;PlasmaAB140P-M2;PlasmaAB140P-M7;PlasmaAB142P-M1;PlasmaGFAP-M1;PlasmaNfL-M1;PlasmaNfL-M6;PlasmaPTau181-M1;PlasmaPTau181-M33;PlasmapTau217-M5;PlasmapTau217_AB42Ratio-M1,TGF-beta signaling;PI3K-Akt|MAPK signaling;JAK-STAT signaling;Ambiguous;PI3K-Akt|JAK-STAT|MAPK signaling;Cytokine|JAK-STAT signaling;Hormone response,-0.033507820782541,3.5,1.957,0.11622695242926
Merged,CKAP2,M17,ENSG00000136108,CKAP2.5345.51.3,Cell cycle,PlasmaNfL-M12;PlasmaPTau181-M10;PlasmaABRatio-M3;Merged-M19,DNA repair;Cell cycle;Cell cycle|RHO GTPase,-0.161160626561241,2,1.425,0.115361828126556
Merged,MBL2,M3,ENSG00000165471,MBL2.3000.66.1,Complement cascade,PlasmaAB140P-M5;PlasmaAB142P-M2;PlasmaNfL-M19;PlasmaAB140P-M51;PlasmaAB142P-M37;PlasmaNfL-M4;PlasmapTau217_AB42Ratio-M2;Merged-M14;Merged-M7,Complement cascade;Complement cascade|Extracellular space;Ambiguous;Complement cascade,0.128194361631889,8,6.015,0.115242089946034
Merged,RACK1,M12,ENSG00000204628,RACK1.21857.26.3,Translation,PlasmaAB140P-M32;PlasmaAB142P-M5;PlasmaAB140P-M42;PlasmaNfL-M8;PlasmaPTau181-M34;Merged-M27;Merged-M16,Translation;Nucleolus|Translation,0.285090593309382,8,7.265,0.115002397075379
PlasmaGFAP,PLCD1,M12,ENSG00000187091,PLCD1.24909.40.3,NK cell cytotoxicity,PlasmaGFAP-M12,NK cell cytotoxicity,0.197323144578398,1,0.693,0.114275261759968
Merged,PPY,M1,ENSG00000108849,PPY.4588.1.2,PI3K-Akt|JAK-STAT|MAPK signaling,PlasmaAB140P-M14;PlasmaAB140P-M2;PlasmaAB140P-M7;PlasmaAB142P-M1;PlasmaGFAP-M1;PlasmaNfL-M1;PlasmaNfL-M6;PlasmaPTau181-M1;PlasmaPTau181-M33;PlasmapTau217-M5;PlasmapTau217_AB42Ratio-M1,TGF-beta signaling;PI3K-Akt|MAPK signaling;JAK-STAT signaling;Ambiguous;PI3K-Akt|JAK-STAT|MAPK signaling;Cytokine|JAK-STAT signaling;Hormone response,0.167715096477495,2,1.028,0.113632971353472
Merged,DKK2,M5,ENSG00000155011,DKK2.6546.41.3,Wnt signaling,PlasmaAB140P-M6;PlasmaAB142P-M6;PlasmaGFAP-M2;PlasmaNfL-M7;PlasmaPTau181-M11;PlasmapTau217-M2,Wnt signaling,0.237071720766521,7.66666666666667,5.592,0.11337363667543
Merged,IL1B,M2,ENSG00000125538,IL1B.3037.62.1,Adaptive immunity|Immunoglobulins|Cytokines,PlasmaAB140P-M1;PlasmaAB142P-M20;PlasmaAB142P-M27;PlasmaAB142P-M3;PlasmaNfL-M34;PlasmaNfL-M38;PlasmaPTau181-M7;PlasmaAB140P-M53;PlasmaAB140P-M19;PlasmaPTau181-M9;PlasmapTau217-M4;Merged-M2,Cytokine signaling;Immunoglobulin;TNF receptor binding;Immunoglobulin;Immunoglobulin|TREM;Adaptive immunity|Immunoglobulin,-0.191329826671185,37,26.693,0.11337175405021
PlasmaAB140P,RGS10,M22,ENSG00000148908,RGS10.11634.32.3,GPCR signaling pathway,PlasmaAB140P-M22,GPCR signaling pathway,-0.415134774063906,5,3.078,0.113200907243068
Merged,LRRTM2,M14,ENSG00000146006,LRRTM2.6904.14.3,Neurexins|Neuroligins,PlasmaAB140P-M13;PlasmaAB142P-M10;PlasmaGFAP-M8;PlasmaNfL-M11,Neurexins|Neuroligins,0.24711574394308,2,1.917,0.113024757530685
Merged,NRG4,M1,ENSG00000169752,NRG4.14139.16.3,PI3K-Akt|JAK-STAT|MAPK signaling,PlasmaAB140P-M14;PlasmaAB140P-M2;PlasmaAB140P-M7;PlasmaAB142P-M1;PlasmaGFAP-M1;PlasmaNfL-M1;PlasmaNfL-M6;PlasmaPTau181-M1;PlasmaPTau181-M33;PlasmapTau217-M5;PlasmapTau217_AB42Ratio-M1,TGF-beta signaling;PI3K-Akt|MAPK signaling;JAK-STAT signaling;Ambiguous;PI3K-Akt|JAK-STAT|MAPK signaling;Cytokine|JAK-STAT signaling;Hormone response,0.163036486820513,4,3.301,0.112909681189863
Merged,HGS,M1,ENSG00000185359,HGS.13644.30.3,PI3K-Akt|JAK-STAT|MAPK signaling,PlasmaAB140P-M14;PlasmaAB140P-M2;PlasmaAB140P-M7;PlasmaAB142P-M1;PlasmaGFAP-M1;PlasmaNfL-M1;PlasmaNfL-M6;PlasmaPTau181-M1;PlasmaPTau181-M33;PlasmapTau217-M5;PlasmapTau217_AB42Ratio-M1,TGF-beta signaling;PI3K-Akt|MAPK signaling;JAK-STAT signaling;Ambiguous;PI3K-Akt|JAK-STAT|MAPK signaling;Cytokine|JAK-STAT signaling;Hormone response,-0.357187240709428,3,2.215,0.112866599901489
Merged,RBM3,M6,ENSG00000102317,RBM3.12747.89.3,RNA-binding,PlasmaAB140P-M10;PlasmaAB140P-M26;PlasmaAB142P-M9;PlasmaNfL-M16;PlasmaPTau181-M3;PlasmaGFAP-M7;Merged-M6,RNA-binding;Splicesosome;RNA-binding,0.302383138254894,2,0.9685,0.112558046038624
Merged,AHSA1,M7,ENSG00000100591,AHSA1.11633.89.3,Chaperone|Protein folding,PlasmaAB140P-M9;PlasmaPTau181-M2;PlasmaAB140P-M56;Merged-M7,Chaperone;Chaperone|Protein folding;Chaperonin TCP-1,0.344084353103194,6.5,4.593,0.112453508499054
Merged,PTGDS,M3,ENSG00000107317,PTGDS.10514.5.3,Complement cascade,PlasmaAB140P-M5;PlasmaAB142P-M2;PlasmaNfL-M19;PlasmaAB140P-M51;PlasmaAB142P-M37;PlasmaNfL-M4;PlasmapTau217_AB42Ratio-M2;Merged-M14;Merged-M7,Complement cascade;Complement cascade|Extracellular space;Ambiguous;Complement cascade,0.457326925812981,3,1.738,0.111446355513513
Merged,STAR,M1,ENSG00000147465,STAR.10085.25.3,PI3K-Akt|JAK-STAT|MAPK signaling,PlasmaAB140P-M14;PlasmaAB140P-M2;PlasmaAB140P-M7;PlasmaAB142P-M1;PlasmaGFAP-M1;PlasmaNfL-M1;PlasmaNfL-M6;PlasmaPTau181-M1;PlasmaPTau181-M33;PlasmapTau217-M5;PlasmapTau217_AB42Ratio-M1,TGF-beta signaling;PI3K-Akt|MAPK signaling;JAK-STAT signaling;Ambiguous;PI3K-Akt|JAK-STAT|MAPK signaling;Cytokine|JAK-STAT signaling;Hormone response,0.226213805150295,1,0.416,0.11063964661464
Merged,PSMB3,M20,ENSG00000277791,PSMB3.18339.207.3,NFkB|APC/C degradation,PlasmaAB140P-M16;PlasmaAB142P-M23;PlasmaNfL-M24,NFkB|APC/C degradation,0.307626053155399,4.66666666666667,3.649,0.11053905308478
Merged,ALB,M3,ENSG00000163631,ALB.18380.78.3,Complement cascade,PlasmaAB140P-M5;PlasmaAB142P-M2;PlasmaNfL-M19;PlasmaAB140P-M51;PlasmaAB142P-M37;PlasmaNfL-M4;PlasmapTau217_AB42Ratio-M2;Merged-M14;Merged-M7,Complement cascade;Complement cascade|Extracellular space;Ambiguous;Complement cascade,-0.173808112983161,15,11.8795,0.110465621244755
Merged,RPL5,M12,ENSG00000122406,RPL5.20999.12.3,Translation,PlasmaAB140P-M32;PlasmaAB142P-M5;PlasmaAB140P-M42;PlasmaNfL-M8;PlasmaPTau181-M34;Merged-M27;Merged-M16,Translation;Nucleolus|Translation,-0.255770828377474,7,6.112,0.109413196669764
Merged,PDGFD,M1,ENSG00000170962,PDGFD.9341.1.3,PI3K-Akt|JAK-STAT|MAPK signaling,PlasmaAB140P-M14;PlasmaAB140P-M2;PlasmaAB140P-M7;PlasmaAB142P-M1;PlasmaGFAP-M1;PlasmaNfL-M1;PlasmaNfL-M6;PlasmaPTau181-M1;PlasmaPTau181-M33;PlasmapTau217-M5;PlasmapTau217_AB42Ratio-M1,TGF-beta signaling;PI3K-Akt|MAPK signaling;JAK-STAT signaling;Ambiguous;PI3K-Akt|JAK-STAT|MAPK signaling;Cytokine|JAK-STAT signaling;Hormone response,0.143033263116973,5,3.171,0.109273941298889
PlasmaAB140P,ATP1B3,M48,ENSG00000069849,ATP1B3.8990.42.3,ATPase transmembrane transport,PlasmaAB140P-M48,ATPase transmembrane transport,0.597192583972134,1,0.725,0.109210936500843
Merged,EIF1AD,M12,ENSG00000175376,EIF1AD.13545.97.3,Translation,PlasmaAB140P-M32;PlasmaAB142P-M5;PlasmaAB140P-M42;PlasmaNfL-M8;PlasmaPTau181-M34;Merged-M27;Merged-M16,Translation;Nucleolus|Translation,0.183461875061766,5,4.08,0.10801581829231
Merged,CCL7,M2,ENSG00000108688,CCL7.4886.3.1,Adaptive immunity|Immunoglobulins|Cytokines,PlasmaAB140P-M1;PlasmaAB142P-M20;PlasmaAB142P-M27;PlasmaAB142P-M3;PlasmaNfL-M34;PlasmaNfL-M38;PlasmaPTau181-M7;PlasmaAB140P-M53;PlasmaAB140P-M19;PlasmaPTau181-M9;PlasmapTau217-M4;Merged-M2,Cytokine signaling;Immunoglobulin;TNF receptor binding;Immunoglobulin;Immunoglobulin|TREM;Adaptive immunity|Immunoglobulin,0.134902909515471,17,10.549,0.107375531943314
PlasmaPTau181,NDUFV2,M43,ENSG00000178127,NDUFV2.7748.11.3,Respiratory chain,PlasmaPTau181-M43,Respiratory chain,0.185749566081036,2,1.924,0.107036258205175
Merged,APOF,M15,ENSG00000175336,APOF.12370.30.3,HDL,PlasmaAB140P-M3;PlasmaAB142P-M18,HDL,0.245128160761108,8.5,7.154,0.106512004321823
Merged,SERPING1,M3,ENSG00000149131,SERPING1.4479.14.2,Complement cascade,PlasmaAB140P-M5;PlasmaAB142P-M2;PlasmaNfL-M19;PlasmaAB140P-M51;PlasmaAB142P-M37;PlasmaNfL-M4;PlasmapTau217_AB42Ratio-M2;Merged-M14;Merged-M7,Complement cascade;Complement cascade|Extracellular space;Ambiguous;Complement cascade,0.026108929948137,3.5,2.6055,0.106281482673481
Merged,DAB2,M1,ENSG00000153071,DAB2.21963.48.3,PI3K-Akt|JAK-STAT|MAPK signaling,PlasmaAB140P-M14;PlasmaAB140P-M2;PlasmaAB140P-M7;PlasmaAB142P-M1;PlasmaGFAP-M1;PlasmaNfL-M1;PlasmaNfL-M6;PlasmaPTau181-M1;PlasmaPTau181-M33;PlasmapTau217-M5;PlasmapTau217_AB42Ratio-M1,TGF-beta signaling;PI3K-Akt|MAPK signaling;JAK-STAT signaling;Ambiguous;PI3K-Akt|JAK-STAT|MAPK signaling;Cytokine|JAK-STAT signaling;Hormone response,-0.511519237526968,3,1.881,0.106230127247743
PlasmaPTau181,APP,M5,ENSG00000142192,APP.3171.57.2,Dementia|HDL,PlasmaPTau181-M5,Dementia|HDL,0.188788947959348,9,6.8,0.106136636021566
Merged,SLAMF1,M2,ENSG00000117090,SLAMF1.7953.20.3,Adaptive immunity|Immunoglobulins|Cytokines,PlasmaAB140P-M1;PlasmaAB142P-M20;PlasmaAB142P-M27;PlasmaAB142P-M3;PlasmaNfL-M34;PlasmaNfL-M38;PlasmaPTau181-M7;PlasmaAB140P-M53;PlasmaAB140P-M19;PlasmaPTau181-M9;PlasmapTau217-M4;Merged-M2,Cytokine signaling;Immunoglobulin;TNF receptor binding;Immunoglobulin;Immunoglobulin|TREM;Adaptive immunity|Immunoglobulin,0.273737367635521,7,4.611,0.106027582769959
Merged,CCL15,M2,ENSG00000275718,CCL15.3509.1.1,Adaptive immunity|Immunoglobulins|Cytokines,PlasmaAB140P-M1;PlasmaAB142P-M20;PlasmaAB142P-M27;PlasmaAB142P-M3;PlasmaNfL-M34;PlasmaNfL-M38;PlasmaPTau181-M7;PlasmaAB140P-M53;PlasmaAB140P-M19;PlasmaPTau181-M9;PlasmapTau217-M4;Merged-M2,Cytokine signaling;Immunoglobulin;TNF receptor binding;Immunoglobulin;Immunoglobulin|TREM;Adaptive immunity|Immunoglobulin,0.248448407441045,4.5,2.4365,0.105324014953139
Merged,B2M,M10,ENSG00000166710,B2M.3485.28.2,Neuroactive ligand-receptor interaction,PlasmaNfL-M5;PlasmaPTau181-M17;PlasmaAB140P-M52;PlasmaAB140P-M49;PlasmaAB142P-M7;Merged-M17,Neuroactive ligand-receptor interaction|Antigen presentation;Neuroactive ligand-receptor interaction;Neuroactive ligand-receptor interaction,0.303839359826746,2,1.649,0.104513625664721
PlasmaPTau181,FABP4,M30,ENSG00000170323,FABP4.15386.7.3,Fatty acid transport,PlasmaPTau181-M30,Fatty acid transport,0.196081044347398,2,1.808,0.103952955978476
PlasmaPTau181,GOT2,M30,ENSG00000125166,GOT2.18233.10.3,Fatty acid transport,PlasmaPTau181-M30,Fatty acid transport,0.215195939624254,4,3.313,0.103850301706524
Merged,CLIC1,M22,ENSG00000213719,CLIC1.5013.2.1,Glutathione metabolism|Oxidative stress,PlasmaAB142P-M16;PlasmaNfL-M20;PlasmaAB140P-M55;Merged-M22,Glutathione metabolism|Oxidative stress;Selenium micronutrient network;Glutathione metabolism,-0.541247655970056,1,0.43,0.103462194720035
Merged,IDH1,M9,ENSG00000138413,IDH1.18338.26.3,Carbon metabolism,PlasmaAB140P-M8;PlasmaAB142P-M8;PlasmaABRatio-M2;PlasmaNfL-M40;PlasmaPTau181-M12;Merged-M12,Carbon metabolism|Gluconeogenesis;Carbon metabolism;Carbon metabolism|Glycolysis,-0.313595870646598,3,1.92,0.103205152991635
PlasmaPTau181,DLK2,M13,ENSG00000171462,DLK2.9359.9.3,Histone methyltransferase,PlasmaPTau181-M13,Histone methyltransferase,0.237579692983797,1,0.444,0.102347308678901
Merged,CFD,M1,ENSG00000197766,CFD.2946.52.2,PI3K-Akt|JAK-STAT|MAPK signaling,PlasmaAB140P-M14;PlasmaAB140P-M2;PlasmaAB140P-M7;PlasmaAB142P-M1;PlasmaGFAP-M1;PlasmaNfL-M1;PlasmaNfL-M6;PlasmaPTau181-M1;PlasmaPTau181-M33;PlasmapTau217-M5;PlasmapTau217_AB42Ratio-M1,TGF-beta signaling;PI3K-Akt|MAPK signaling;JAK-STAT signaling;Ambiguous;PI3K-Akt|JAK-STAT|MAPK signaling;Cytokine|JAK-STAT signaling;Hormone response,0.505449249435006,1,0.479,0.102285215579785
PlasmaNfL,ECHS1,M22,ENSG00000127884,ECHS1.17787.1.3,Fatty acid beta-oxidation,PlasmaNfL-M22,Fatty acid beta-oxidation,-0.286690122625293,4,2.225,0.102149322258362
PlasmaAB142P,UNC5D,M28,ENSG00000156687,UNC5D.16307.22.3,Axon guidance|Netrin signaling,PlasmaAB142P-M28,Axon guidance|Netrin signaling,0.374683220257469,3,2.192,0.101185596469389
Merged,PFN1,M29,ENSG00000108518,PFN1.20243.26.3,Actin dynamics,PlasmaAB140P-M39;PlasmaPTau181-M32,Actin binding;Actin filament,-0.561291896052425,3,1.978,0.101108929663406
Merged,CALCOCO2,M21,ENSG00000136436,CALCOCO2.12534.10.3,Autophagy,PlasmaAB142P-M19;PlasmaNfL-M13;PlasmaPTau181-M41,Autophagy,0.180660948268951,3.66666666666667,3.383,0.101093143354222
Merged,VAV3,M1,ENSG00000134215,VAV3.9830.109.3,PI3K-Akt|JAK-STAT|MAPK signaling,PlasmaAB140P-M14;PlasmaAB140P-M2;PlasmaAB140P-M7;PlasmaAB142P-M1;PlasmaGFAP-M1;PlasmaNfL-M1;PlasmaNfL-M6;PlasmaPTau181-M1;PlasmaPTau181-M33;PlasmapTau217-M5;PlasmapTau217_AB42Ratio-M1,TGF-beta signaling;PI3K-Akt|MAPK signaling;JAK-STAT signaling;Ambiguous;PI3K-Akt|JAK-STAT|MAPK signaling;Cytokine|JAK-STAT signaling;Hormone response,0.19794536511199,4,2.372,0.0999856807709246
Merged,MOB1B,M35,ENSG00000173542,MOB1B.19177.7.3,Hippo signaling,PlasmaAB140P-M46;PlasmaNfL-M30,Hippo signaling,-0.539635887730305,2,1.206,0.0999499923798154
Merged,CD160,M2,ENSG00000117281,CD160.17677.47.3,Adaptive immunity|Immunoglobulins|Cytokines,PlasmaAB140P-M1;PlasmaAB142P-M20;PlasmaAB142P-M27;PlasmaAB142P-M3;PlasmaNfL-M34;PlasmaNfL-M38;PlasmaPTau181-M7;PlasmaAB140P-M53;PlasmaAB140P-M19;PlasmaPTau181-M9;PlasmapTau217-M4;Merged-M2,Cytokine signaling;Immunoglobulin;TNF receptor binding;Immunoglobulin;Immunoglobulin|TREM;Adaptive immunity|Immunoglobulin,0.391022698459656,10,6.1825,0.0998890204635117
Merged,PXDN,M3,ENSG00000130508,PXDN.13463.1.3,Complement cascade,PlasmaAB140P-M5;PlasmaAB142P-M2;PlasmaNfL-M19;PlasmaAB140P-M51;PlasmaAB142P-M37;PlasmaNfL-M4;PlasmapTau217_AB42Ratio-M2;Merged-M14;Merged-M7,Complement cascade;Complement cascade|Extracellular space;Ambiguous;Complement cascade,0.535875322028708,3,1.984,0.0997628551248857
PlasmaPTau181,AKR1A1,M20,ENSG00000117448,AKR1A1.4192.10.2,Alcohol dehydrogenase activity,PlasmaPTau181-M20,Alcohol dehydrogenase activity,0.181363006023942,1,0.909,0.0991284660012829
Merged,IFNL2,M1,ENSG00000183709,IFNL2.4397.26.2,PI3K-Akt|JAK-STAT|MAPK signaling,PlasmaAB140P-M14;PlasmaAB140P-M2;PlasmaAB140P-M7;PlasmaAB142P-M1;PlasmaGFAP-M1;PlasmaNfL-M1;PlasmaNfL-M6;PlasmaPTau181-M1;PlasmaPTau181-M33;PlasmapTau217-M5;PlasmapTau217_AB42Ratio-M1,TGF-beta signaling;PI3K-Akt|MAPK signaling;JAK-STAT signaling;Ambiguous;PI3K-Akt|JAK-STAT|MAPK signaling;Cytokine|JAK-STAT signaling;Hormone response,-0.225585735240105,5.5,3.559,0.0990012831219992
Merged,ILF3,M6,ENSG00000129351,ILF3.12759.47.3,RNA-binding,PlasmaAB140P-M10;PlasmaAB140P-M26;PlasmaAB142P-M9;PlasmaNfL-M16;PlasmaPTau181-M3;PlasmaGFAP-M7;Merged-M6,RNA-binding;Splicesosome;RNA-binding,0.197977936009715,8,5.963,0.0989245169674206
PlasmaAB140P,UFD1,M35,ENSG00000070010,UFD1.17411.55.3,K48-dependent protein binding,PlasmaAB140P-M35,K48-dependent protein binding,-0.55148907737206,1,0.999,0.0988966460394231
Merged,FZD1,M5,ENSG00000157240,FZD1.22590.68.3,Wnt signaling,PlasmaAB140P-M6;PlasmaAB142P-M6;PlasmaGFAP-M2;PlasmaNfL-M7;PlasmaPTau181-M11;PlasmapTau217-M2,Wnt signaling,0.21576006935792,10.3333333333333,7.718,0.0986755595950331
Merged,CDH8,M16,ENSG00000150394,CDH8.16021.30.3,Cadherin|Cell adhesion,PlasmaAB140P-M36;PlasmaAB142P-M13;PlasmaAB140P-M54;PlasmaAB142P-M15,Cadherin|Cell adhesion;Ambiguous;Cell adhesion,0.445207811587501,4,2.162,0.0983527105556544
Merged,BMP1,M27,ENSG00000168487,BMP1.3348.49.2,BMP signaling,PlasmaNfL-M15;PlasmaPTau181-M31,BMP signaling,-0.177355898997852,2,1.338,0.0979326180222104
Merged,TNFRSF13B,M2,ENSG00000240505,TNFRSF13B.2704.74.1,Adaptive immunity|Immunoglobulins|Cytokines,PlasmaAB140P-M1;PlasmaAB142P-M20;PlasmaAB142P-M27;PlasmaAB142P-M3;PlasmaNfL-M34;PlasmaNfL-M38;PlasmaPTau181-M7;PlasmaAB140P-M53;PlasmaAB140P-M19;PlasmaPTau181-M9;PlasmapTau217-M4;Merged-M2,Cytokine signaling;Immunoglobulin;TNF receptor binding;Immunoglobulin;Immunoglobulin|TREM;Adaptive immunity|Immunoglobulin,0.211970860611127,4,1.881,0.0975456185801961
Merged,MDK,M1,ENSG00000110492,MDK.2911.27.2,PI3K-Akt|JAK-STAT|MAPK signaling,PlasmaAB140P-M14;PlasmaAB140P-M2;PlasmaAB140P-M7;PlasmaAB142P-M1;PlasmaGFAP-M1;PlasmaNfL-M1;PlasmaNfL-M6;PlasmaPTau181-M1;PlasmaPTau181-M33;PlasmapTau217-M5;PlasmapTau217_AB42Ratio-M1,TGF-beta signaling;PI3K-Akt|MAPK signaling;JAK-STAT signaling;Ambiguous;PI3K-Akt|JAK-STAT|MAPK signaling;Cytokine|JAK-STAT signaling;Hormone response,0.148595093699233,2,1.178,0.0973681082860243
PlasmaGFAP,PTGDS,M4,ENSG00000107317,PTGDS.10514.5.3,Extracellular exosome,PlasmaGFAP-M4,Extracellular exosome,0.22290003200774,1,0.549,0.0972847114488209
Merged,TMED10,M11,ENSG00000170348,TMED10.6506.54.3,ER-Golgi transport,PlasmaAB140P-M25;PlasmaAB142P-M11;PlasmaPTau181-M29;PlasmaAB140P-M27;PlasmaPTau181-M6;Merged-M14,Golgi organization;ER-Golgi transport;ER-Golgi transport,0.366554168409109,4.33333333333333,3.45366666666667,0.0968877948301328
Merged,FBP1,M9,ENSG00000165140,FBP1.7206.20.3,Carbon metabolism,PlasmaAB140P-M8;PlasmaAB142P-M8;PlasmaABRatio-M2;PlasmaNfL-M40;PlasmaPTau181-M12;Merged-M12,Carbon metabolism|Gluconeogenesis;Carbon metabolism;Carbon metabolism|Glycolysis,-0.131607827144313,5,3.98,0.0964034107901364
Merged,GLRX,M7,ENSG00000173221,GLRX.18386.36.3,Chaperone|Protein folding,PlasmaAB140P-M9;PlasmaPTau181-M2;PlasmaAB140P-M56;Merged-M7,Chaperone;Chaperone|Protein folding;Chaperonin TCP-1,0.161356539718306,4,2.254,0.0964019351223943
Merged,NBL1,M2,ENSG00000158747,NBL1.2944.66.2,Adaptive immunity|Immunoglobulins|Cytokines,PlasmaAB140P-M1;PlasmaAB142P-M20;PlasmaAB142P-M27;PlasmaAB142P-M3;PlasmaNfL-M34;PlasmaNfL-M38;PlasmaPTau181-M7;PlasmaAB140P-M53;PlasmaAB140P-M19;PlasmaPTau181-M9;PlasmapTau217-M4;Merged-M2,Cytokine signaling;Immunoglobulin;TNF receptor binding;Immunoglobulin;Immunoglobulin|TREM;Adaptive immunity|Immunoglobulin,0.539971060593781,1,0.548,0.096297279394972
Merged,PSMC5,M20,ENSG00000087191,PSMC5.25456.73.4,NFkB|APC/C degradation,PlasmaAB140P-M16;PlasmaAB142P-M23;PlasmaNfL-M24,NFkB|APC/C degradation,0.286847280994619,4,3.025,0.0962459724501075
Merged,SAR1B,M11,ENSG00000152700,SAR1B.21660.4.3,ER-Golgi transport,PlasmaAB140P-M25;PlasmaAB142P-M11;PlasmaPTau181-M29;PlasmaAB140P-M27;PlasmaPTau181-M6;Merged-M14,Golgi organization;ER-Golgi transport;ER-Golgi transport,-0.162952979984438,2,1.389,0.0958470813210308
PlasmaNfL,HSPA1A,M26,ENSG00000204389,HSPA1A.11157.35.3,Heat shock protein,PlasmaNfL-M26,Heat shock protein,-0.290184572687691,3,2.351,0.095717423861772
Merged,SRRT,M6,ENSG00000087087,SRRT.24970.117.3,RNA-binding,PlasmaAB140P-M10;PlasmaAB140P-M26;PlasmaAB142P-M9;PlasmaNfL-M16;PlasmaPTau181-M3;PlasmaGFAP-M7;Merged-M6,RNA-binding;Splicesosome;RNA-binding,-0.243650618720558,4,2.067,0.095543655076256
Merged,VSIG4,M3,ENSG00000155659,VSIG4.17678.28.3,Complement cascade,PlasmaAB140P-M5;PlasmaAB142P-M2;PlasmaNfL-M19;PlasmaAB140P-M51;PlasmaAB142P-M37;PlasmaNfL-M4;PlasmapTau217_AB42Ratio-M2;Merged-M14;Merged-M7,Complement cascade;Complement cascade|Extracellular space;Ambiguous;Complement cascade,0.22563125461975,5,3.065,0.0951897754057821
Merged,PHB2,M21,ENSG00000215021,PHB2.21217.20.3,Autophagy,PlasmaAB142P-M19;PlasmaNfL-M13;PlasmaPTau181-M41,Autophagy,0.209314539768123,4,2.159,0.0949367375374937
Merged,LMAN2,M11,ENSG00000169223,LMAN2.9468.8.3,ER-Golgi transport,PlasmaAB140P-M25;PlasmaAB142P-M11;PlasmaPTau181-M29;PlasmaAB140P-M27;PlasmaPTau181-M6;Merged-M14,Golgi organization;ER-Golgi transport;ER-Golgi transport,0.319483253187613,3.66666666666667,2.568,0.0947609945473168
PlasmaPTau181,UBE2G2,M8,ENSG00000184787,UBE2G2.9199.6.3,Protein Ubiquitination,PlasmaPTau181-M8,Protein Ubiquitination,0.159933654965885,7,4,0.0945412599770945
Merged,APOA2,M15,ENSG00000158874,APOA2.7127.3.3,HDL,PlasmaAB140P-M3;PlasmaAB142P-M18,HDL,0.147751177980716,14,12.698,0.094452100222657
PlasmaPTau181,NPDC1,M40,ENSG00000107281,NPDC1.10424.31.3,Voltage-gated calcium channel|MAPK signaling,PlasmaPTau181-M40,Voltage-gated calcium channel|MAPK signaling,0.199782805702487,1,0.417,0.0941428942760167
Merged,LEFTY2,M5,ENSG00000143768,LEFTY2.15503.15.3,Wnt signaling,PlasmaAB140P-M6;PlasmaAB142P-M6;PlasmaGFAP-M2;PlasmaNfL-M7;PlasmaPTau181-M11;PlasmapTau217-M2,Wnt signaling,0.219983848761361,1,0.484,0.0940441728696408
PlasmaAB142P,IGFBP6,M25,ENSG00000167779,IGFBP6.2686.67.2,Insulin growth factor binding,PlasmaAB142P-M25,Insulin growth factor binding,0.470117243403518,2,0.828,0.0940322579534598
Merged,A2M,M3,ENSG00000175899,A2M.3708.62.1,Complement cascade,PlasmaAB140P-M5;PlasmaAB142P-M2;PlasmaNfL-M19;PlasmaAB140P-M51;PlasmaAB142P-M37;PlasmaNfL-M4;PlasmapTau217_AB42Ratio-M2;Merged-M14;Merged-M7,Complement cascade;Complement cascade|Extracellular space;Ambiguous;Complement cascade,-0.168121568800173,12,8.365,0.0939155928782198
Merged,VEGFD,M1,ENSG00000165197,VEGFD.13098.93.3,PI3K-Akt|JAK-STAT|MAPK signaling,PlasmaAB140P-M14;PlasmaAB140P-M2;PlasmaAB140P-M7;PlasmaAB142P-M1;PlasmaGFAP-M1;PlasmaNfL-M1;PlasmaNfL-M6;PlasmaPTau181-M1;PlasmaPTau181-M33;PlasmapTau217-M5;PlasmapTau217_AB42Ratio-M1,TGF-beta signaling;PI3K-Akt|MAPK signaling;JAK-STAT signaling;Ambiguous;PI3K-Akt|JAK-STAT|MAPK signaling;Cytokine|JAK-STAT signaling;Hormone response,0.22878120695328,7,4.68966666666667,0.0929344265961318
Merged,CXCL12,M2,ENSG00000107562,CXCL12.2330.2.1,Adaptive immunity|Immunoglobulins|Cytokines,PlasmaAB140P-M1;PlasmaAB142P-M20;PlasmaAB142P-M27;PlasmaAB142P-M3;PlasmaNfL-M34;PlasmaNfL-M38;PlasmaPTau181-M7;PlasmaAB140P-M53;PlasmaAB140P-M19;PlasmaPTau181-M9;PlasmapTau217-M4;Merged-M2,Cytokine signaling;Immunoglobulin;TNF receptor binding;Immunoglobulin;Immunoglobulin|TREM;Adaptive immunity|Immunoglobulin,0.158281696489228,14,8.701,0.0929238865156089
Merged,NIT2,M25,ENSG00000114021,NIT2.17808.37.3,Amino acid metabolism,PlasmaAB140P-M34;PlasmaAB142P-M12,Amino acid metabolism,-0.278727351051624,4,2.729,0.092808620245299
Merged,RGMB,M27,ENSG00000174136,RGMB.3331.8.1,BMP signaling,PlasmaNfL-M15;PlasmaPTau181-M31,BMP signaling,0.334762244282747,1,0.416,0.0926105506352659
Merged,MET,M1,ENSG00000105976,MET.11814.29.3,PI3K-Akt|JAK-STAT|MAPK signaling,PlasmaAB140P-M14;PlasmaAB140P-M2;PlasmaAB140P-M7;PlasmaAB142P-M1;PlasmaGFAP-M1;PlasmaNfL-M1;PlasmaNfL-M6;PlasmaPTau181-M1;PlasmaPTau181-M33;PlasmapTau217-M5;PlasmapTau217_AB42Ratio-M1,TGF-beta signaling;PI3K-Akt|MAPK signaling;JAK-STAT signaling;Ambiguous;PI3K-Akt|JAK-STAT|MAPK signaling;Cytokine|JAK-STAT signaling;Hormone response,-0.177906503801736,8,6.7405,0.092236311860473
Merged,IL15RA,M2,ENSG00000134470,IL15RA.14054.17.3,Adaptive immunity|Immunoglobulins|Cytokines,PlasmaAB140P-M1;PlasmaAB142P-M20;PlasmaAB142P-M27;PlasmaAB142P-M3;PlasmaNfL-M34;PlasmaNfL-M38;PlasmaPTau181-M7;PlasmaAB140P-M53;PlasmaAB140P-M19;PlasmaPTau181-M9;PlasmapTau217-M4;Merged-M2,Cytokine signaling;Immunoglobulin;TNF receptor binding;Immunoglobulin;Immunoglobulin|TREM;Adaptive immunity|Immunoglobulin,0.335409249593108,6.5,3.723,0.0921613648561442
PlasmaAB140P,RGS4,M22,ENSG00000117152,RGS4.23020.18.3,GPCR signaling pathway,PlasmaAB140P-M22,GPCR signaling pathway,0.229627948409559,5,3.361,0.0921103217903486
Merged,BAG1,M7,ENSG00000107262,BAG1.17195.43.3,Chaperone|Protein folding,PlasmaAB140P-M9;PlasmaPTau181-M2;PlasmaAB140P-M56;Merged-M7,Chaperone;Chaperone|Protein folding;Chaperonin TCP-1,-0.211476535008235,5,3.4,0.0918570398507832
Merged,VWC2,M27,ENSG00000188730,VWC2.11121.56.3,BMP signaling,PlasmaNfL-M15;PlasmaPTau181-M31,BMP signaling,0.325001603681481,1,0.62,0.0916603945882916
Merged,SYNCRIP,M6,ENSG00000135316,SYNCRIP.4224.7.2,RNA-binding,PlasmaAB140P-M10;PlasmaAB140P-M26;PlasmaAB142P-M9;PlasmaNfL-M16;PlasmaPTau181-M3;PlasmaGFAP-M7;Merged-M6,RNA-binding;Splicesosome;RNA-binding,0.40689618621567,8,5.576,0.0916061369599464
PlasmaAB140P,IVD,M15,ENSG00000128928,IVD.17737.7.3,Fatty acid metabolic process,PlasmaAB140P-M15,Fatty acid metabolic process,-0.393793435978204,5,2.439,0.091434019342292
Merged,ZW10,M17,ENSG00000086827,ZW10.25262.6.3,Cell cycle,PlasmaNfL-M12;PlasmaPTau181-M10;PlasmaABRatio-M3;Merged-M19,DNA repair;Cell cycle;Cell cycle|RHO GTPase,0.222069744661868,1,0.999,0.0913330075155195
Merged,SYT1,M8,ENSG00000067715,SYT1.21328.2.3,Synaptic vesicle|SNARE complex,PlasmaAB140P-M11;PlasmaGFAP-M6;PlasmaNfL-M14;PlasmapTau217-M1;PlasmapTau217_AB42Ratio-M10;PlasmaPTau181-M25;Merged-M11,Synaptic vesicle|SNARE complex,0.171833248275055,5,4.222,0.0907503364785062
Merged,PFKFB4,M9,ENSG00000114268,PFKFB4.25041.11.3,Carbon metabolism,PlasmaAB140P-M8;PlasmaAB142P-M8;PlasmaABRatio-M2;PlasmaNfL-M40;PlasmaPTau181-M12;Merged-M12,Carbon metabolism|Gluconeogenesis;Carbon metabolism;Carbon metabolism|Glycolysis,0.224735919761112,3,2.264,0.0905786174610322
Merged,SELENOM,M22,ENSG00000198832,SELENOM.15336.7.3,Glutathione metabolism|Oxidative stress,PlasmaAB142P-M16;PlasmaNfL-M20;PlasmaAB140P-M55;Merged-M22,Glutathione metabolism|Oxidative stress;Selenium micronutrient network;Glutathione metabolism,0.371435677787979,2.5,1.616,0.0904640496424421
Merged,COL2A1,M13,ENSG00000139219,COL2A1.18875.125.3,Collagen,PlasmaAB142P-M17;PlasmaNfL-M10;PlasmaPTau181-M15;PlasmapTau217-M7;PlasmapTau217_AB42Ratio-M7,Collagen,0.144571164315175,7,4.631,0.090296187413861
Merged,ST8SIA1,M18,ENSG00000111728,ST8SIA1.21663.149.3,Glycosylation,PlasmaAB140P-M33;PlasmaNfL-M17;PlasmaPTau181-M21;Merged-M23,Glycosylation,-0.224297321851488,1,0.934,0.0901767321834215
Merged,CCL14,M2,ENSG00000276409,CCL14.2900.53.3,Adaptive immunity|Immunoglobulins|Cytokines,PlasmaAB140P-M1;PlasmaAB142P-M20;PlasmaAB142P-M27;PlasmaAB142P-M3;PlasmaNfL-M34;PlasmaNfL-M38;PlasmaPTau181-M7;PlasmaAB140P-M53;PlasmaAB140P-M19;PlasmaPTau181-M9;PlasmapTau217-M4;Merged-M2,Cytokine signaling;Immunoglobulin;TNF receptor binding;Immunoglobulin;Immunoglobulin|TREM;Adaptive immunity|Immunoglobulin,0.237443211009388,3,1.6675,0.090066971207029
PlasmaNfL,PPY,M3,ENSG00000108849,PPY.4588.1.2,Extracellular space,PlasmaNfL-M3,Extracellular space,0.178800390531347,3,2.444,0.0894735074664851
PlasmaNfL,LEFTY2,M21,ENSG00000143768,LEFTY2.15503.15.3,TGF-beta signaling,PlasmaNfL-M21,TGF-beta signaling,0.309284256265224,1,0.936,0.0887618056511813
PlasmaPTau181,CACNA2D3,M40,ENSG00000157445,CACNA2D3.8885.6.3,Voltage-gated calcium channel|MAPK signaling,PlasmaPTau181-M40,Voltage-gated calcium channel|MAPK signaling,-0.161106240616656,2,1.778,0.0886816133167179
Merged,TNFRSF21,M2,ENSG00000146072,TNFRSF21.9259.35.3,Adaptive immunity|Immunoglobulins|Cytokines,PlasmaAB140P-M1;PlasmaAB142P-M20;PlasmaAB142P-M27;PlasmaAB142P-M3;PlasmaNfL-M34;PlasmaNfL-M38;PlasmaPTau181-M7;PlasmaAB140P-M53;PlasmaAB140P-M19;PlasmaPTau181-M9;PlasmapTau217-M4;Merged-M2,Cytokine signaling;Immunoglobulin;TNF receptor binding;Immunoglobulin;Immunoglobulin|TREM;Adaptive immunity|Immunoglobulin,0.325858308459238,4.33333333333333,2.81333333333333,0.0882808854672459
Merged,TRABD2A,M5,ENSG00000186854,TRABD2A.9401.57.3,Wnt signaling,PlasmaAB140P-M6;PlasmaAB142P-M6;PlasmaGFAP-M2;PlasmaNfL-M7;PlasmaPTau181-M11;PlasmapTau217-M2,Wnt signaling,0.20322620417231,1,0.405,0.0880433241307925
PlasmaAB142P,XPNPEP1,M29,ENSG00000108039,XPNPEP1.3481.87.1,Aminopeptidase,PlasmaAB142P-M29,Aminopeptidase,-0.356101447689061,3,1.857,0.08777486154225
Merged,DCUN1D5,M24,ENSG00000137692,DCUN1D5.8760.10.3,Neddylation,PlasmaAB140P-M30;PlasmaPTau181-M22;PlasmapTau217_AB42Ratio-M4,Neddylation,-0.202630187243199,3,2.047,0.087458153176357
PlasmaGFAP,SOD3,M4,ENSG00000109610,SOD3.5660.51.3,Extracellular exosome,PlasmaGFAP-M4,Extracellular exosome,0.21621615395006,1,0.41,0.0874291343455906
Merged,TNFSF15,M2,ENSG00000181634,TNFSF15.2968.61.1,Adaptive immunity|Immunoglobulins|Cytokines,PlasmaAB140P-M1;PlasmaAB142P-M20;PlasmaAB142P-M27;PlasmaAB142P-M3;PlasmaNfL-M34;PlasmaNfL-M38;PlasmaPTau181-M7;PlasmaAB140P-M53;PlasmaAB140P-M19;PlasmaPTau181-M9;PlasmapTau217-M4;Merged-M2,Cytokine signaling;Immunoglobulin;TNF receptor binding;Immunoglobulin;Immunoglobulin|TREM;Adaptive immunity|Immunoglobulin,0.229203209684653,6,3.60366666666667,0.087241874045123
PlasmapTau217,CHST12,M3,ENSG00000136213,CHST12.6626.81.3,Dermatan sulfate metabolism,PlasmapTau217-M3,Dermatan sulfate metabolism,-0.195177265701125,1,0.523,0.0866128049875233
Merged,TPI1,M9,ENSG00000111669,TPI1.4309.59.3,Carbon metabolism,PlasmaAB140P-M8;PlasmaAB142P-M8;PlasmaABRatio-M2;PlasmaNfL-M40;PlasmaPTau181-M12;Merged-M12,Carbon metabolism|Gluconeogenesis;Carbon metabolism;Carbon metabolism|Glycolysis,-0.468373564794394,9,7.33,0.0859247676234879
Merged,GLRX2,M7,ENSG00000023572,GLRX2.12486.8.3,Chaperone|Protein folding,PlasmaAB140P-M9;PlasmaPTau181-M2;PlasmaAB140P-M56;Merged-M7,Chaperone;Chaperone|Protein folding;Chaperonin TCP-1,0.161855639990609,2,1.146,0.0858772836642995
Merged,EWSR1,M6,ENSG00000182944,EWSR1.12988.49.3,RNA-binding,PlasmaAB140P-M10;PlasmaAB140P-M26;PlasmaAB142P-M9;PlasmaNfL-M16;PlasmaPTau181-M3;PlasmaGFAP-M7;Merged-M6,RNA-binding;Splicesosome;RNA-binding,0.303649361921042,5.66666666666667,3.54566666666667,0.085627558542795
PlasmaAB142P,CFD,M31,ENSG00000197766,CFD.2946.52.2,Resistin,PlasmaAB142P-M31,Resistin,0.351862006443458,3,1.922,0.0855535822049065
PlasmaPTau181,LMOD1,M18,ENSG00000163431,LMOD1.12504.26.3,Myosin,PlasmaPTau181-M18,Myosin,0.132184028123392,6,3.894,0.0854854556038967
Merged,CD55,M3,ENSG00000196352,CD55.5069.9.3,Complement cascade,PlasmaAB140P-M5;PlasmaAB142P-M2;PlasmaNfL-M19;PlasmaAB140P-M51;PlasmaAB142P-M37;PlasmaNfL-M4;PlasmapTau217_AB42Ratio-M2;Merged-M14;Merged-M7,Complement cascade;Complement cascade|Extracellular space;Ambiguous;Complement cascade,0.186397203797752,8,5.475,0.085068341975132
PlasmaAB140P,DTD1,M20,ENSG00000125821,DTD1.19194.9.3,tRNA aminoacylation,PlasmaAB140P-M20,tRNA aminoacylation,-0.397354066862269,2,1.061,0.0848669111120666
Merged,CHEK2,M17,ENSG00000183765,CHEK2.19328.51.3,Cell cycle,PlasmaNfL-M12;PlasmaPTau181-M10;PlasmaABRatio-M3;Merged-M19,DNA repair;Cell cycle;Cell cycle|RHO GTPase,-0.163448277263978,4.5,3.036,0.0845145619101599
Merged,PYCARD,M2,ENSG00000103490,PYCARD.24671.15.3,Adaptive immunity|Immunoglobulins|Cytokines,PlasmaAB140P-M1;PlasmaAB142P-M20;PlasmaAB142P-M27;PlasmaAB142P-M3;PlasmaNfL-M34;PlasmaNfL-M38;PlasmaPTau181-M7;PlasmaAB140P-M53;PlasmaAB140P-M19;PlasmaPTau181-M9;PlasmapTau217-M4;Merged-M2,Cytokine signaling;Immunoglobulin;TNF receptor binding;Immunoglobulin;Immunoglobulin|TREM;Adaptive immunity|Immunoglobulin,0.388515774819261,8,5.547,0.0844722845506229
Merged,SRSF7,M6,ENSG00000115875,SRSF7.12987.12.3,RNA-binding,PlasmaAB140P-M10;PlasmaAB140P-M26;PlasmaAB142P-M9;PlasmaNfL-M16;PlasmaPTau181-M3;PlasmaGFAP-M7;Merged-M6,RNA-binding;Splicesosome;RNA-binding,0.254362106186536,7,4.94925,0.0843514268331204
Merged,ITGA5,M19,ENSG00000161638,ITGA5.6932.42.3,Focal adhesion|Integrins,PlasmaAB140P-M43;PlasmaAB142P-M14;PlasmaAB142P-M21,Integrins;Synapse|Focal adhesion;Focal adhesion|Integrins,-0.354296818604068,4,3.304,0.0841214567959287
PlasmaAB140P,RGS8,M22,ENSG00000135824,RGS8.11666.72.3,GPCR signaling pathway,PlasmaAB140P-M22,GPCR signaling pathway,0.484818611644894,5,3.143,0.0838505675245844
Merged,CA13,M3,ENSG00000185015,CA13.3420.21.2,Complement cascade,PlasmaAB140P-M5;PlasmaAB142P-M2;PlasmaNfL-M19;PlasmaAB140P-M51;PlasmaAB142P-M37;PlasmaNfL-M4;PlasmapTau217_AB42Ratio-M2;Merged-M14;Merged-M7,Complement cascade;Complement cascade|Extracellular space;Ambiguous;Complement cascade,-0.396552073732105,1.5,0.841,0.0838019520531091
Merged,EZR,M16,ENSG00000092820,EZR.9753.17.3,Cadherin|Cell adhesion,PlasmaAB140P-M36;PlasmaAB142P-M13;PlasmaAB140P-M54;PlasmaAB142P-M15,Cadherin|Cell adhesion;Ambiguous;Cell adhesion,-0.426731788787054,4.5,2.9335,0.0833030166498847
Merged,GBP2,M2,ENSG00000162645,GBP2.18891.98.3,Adaptive immunity|Immunoglobulins|Cytokines,PlasmaAB140P-M1;PlasmaAB142P-M20;PlasmaAB142P-M27;PlasmaAB142P-M3;PlasmaNfL-M34;PlasmaNfL-M38;PlasmaPTau181-M7;PlasmaAB140P-M53;PlasmaAB140P-M19;PlasmaPTau181-M9;PlasmapTau217-M4;Merged-M2,Cytokine signaling;Immunoglobulin;TNF receptor binding;Immunoglobulin;Immunoglobulin|TREM;Adaptive immunity|Immunoglobulin,-0.165224400717685,7,4.089,0.0832281245485873
Merged,GCNT4,M18,ENSG00000176928,GCNT4.10842.7.3,Glycosylation,PlasmaAB140P-M33;PlasmaNfL-M17;PlasmaPTau181-M21;Merged-M23,Glycosylation,-0.191943686644917,2,1.902,0.0831517468864924
PlasmaAB142P,UNC5C,M28,ENSG00000182168,UNC5C.5139.32.3,Axon guidance|Netrin signaling,PlasmaAB142P-M28,Axon guidance|Netrin signaling,0.273077302261916,3,1.926,0.0829515446778548
PlasmaAB140P,RAB17,M17,ENSG00000124839,RAB17.11118.107.3,Multivesicular body assembly,PlasmaAB140P-M17,Multivesicular body assembly,0.480452435122899,1,0.603,0.0828652161543327
Merged,ARL2,M36,ENSG00000213465,ARL2.12587.65.3,Post-chaperonin tubulin folding,PlasmaABRatio-M1;PlasmapTau217_AB42Ratio-M6,Post-chaperonin tubulin folding;Nucleolus,0.0338539219323705,1,0.464,0.0823560093022003
Merged,COL6A3,M13,ENSG00000163359,COL6A3.11196.31.3,Collagen,PlasmaAB142P-M17;PlasmaNfL-M10;PlasmaPTau181-M15;PlasmapTau217-M7;PlasmapTau217_AB42Ratio-M7,Collagen,0.426330242737841,6,4.121,0.0822062745479062
Merged,ARHGEF10,M26,ENSG00000104728,ARHGEF10.9061.3.3,RHO GTPase|Neurotrophin signaling,PlasmaAB140P-M12;PlasmaAB142P-M38,RHO GTPase|p75NTR signalling;Neurotrophin receptor,-0.192899852753813,3,1.916,0.081881636536542
Merged,ALDOC,M9,ENSG00000109107,ALDOC.9876.20.3,Carbon metabolism,PlasmaAB140P-M8;PlasmaAB142P-M8;PlasmaABRatio-M2;PlasmaNfL-M40;PlasmaPTau181-M12;Merged-M12,Carbon metabolism|Gluconeogenesis;Carbon metabolism;Carbon metabolism|Glycolysis,-0.198519995296993,4.5,4.004,0.0818302769650311
PlasmaPTau181,CNTN1,M5,ENSG00000018236,CNTN1.2974.61.2,Dementia|HDL,PlasmaPTau181-M5,Dementia|HDL,-0.162446502651958,3,1.782,0.0817887474200663
Merged,APOM,M15,ENSG00000204444,APOM.10445.20.3,HDL,PlasmaAB140P-M3;PlasmaAB142P-M18,HDL,-0.217862900198384,8.5,7.598,0.0817826081440087
Merged,FGB,M3,ENSG00000171564,FGB.18890.227.3,Complement cascade,PlasmaAB140P-M5;PlasmaAB142P-M2;PlasmaNfL-M19;PlasmaAB140P-M51;PlasmaAB142P-M37;PlasmaNfL-M4;PlasmapTau217_AB42Ratio-M2;Merged-M14;Merged-M7,Complement cascade;Complement cascade|Extracellular space;Ambiguous;Complement cascade,-0.184584394945557,6,4.018,0.081708198733889
Merged,IFNGR1,M1,ENSG00000027697,IFNGR1.5825.49.3,PI3K-Akt|JAK-STAT|MAPK signaling,PlasmaAB140P-M14;PlasmaAB140P-M2;PlasmaAB140P-M7;PlasmaAB142P-M1;PlasmaGFAP-M1;PlasmaNfL-M1;PlasmaNfL-M6;PlasmaPTau181-M1;PlasmaPTau181-M33;PlasmapTau217-M5;PlasmapTau217_AB42Ratio-M1,TGF-beta signaling;PI3K-Akt|MAPK signaling;JAK-STAT signaling;Ambiguous;PI3K-Akt|JAK-STAT|MAPK signaling;Cytokine|JAK-STAT signaling;Hormone response,0.231384699502176,6,4.3615,0.0811760089545526
Merged,STX1A,M8,ENSG00000106089,STX1A.19553.14.3,Synaptic vesicle|SNARE complex,PlasmaAB140P-M11;PlasmaGFAP-M6;PlasmaNfL-M14;PlasmapTau217-M1;PlasmapTau217_AB42Ratio-M10;PlasmaPTau181-M25;Merged-M11,Synaptic vesicle|SNARE complex,0.223976537251809,4.6,4.023,0.0810860276763618
Merged,AIM2,M2,ENSG00000163568,AIM2.25889.108.3,Adaptive immunity|Immunoglobulins|Cytokines,PlasmaAB140P-M1;PlasmaAB142P-M20;PlasmaAB142P-M27;PlasmaAB142P-M3;PlasmaNfL-M34;PlasmaNfL-M38;PlasmaPTau181-M7;PlasmaAB140P-M53;PlasmaAB140P-M19;PlasmaPTau181-M9;PlasmapTau217-M4;Merged-M2,Cytokine signaling;Immunoglobulin;TNF receptor binding;Immunoglobulin;Immunoglobulin|TREM;Adaptive immunity|Immunoglobulin,-0.174540128922477,7,4.655,0.0809893419631022
PlasmaPTau181,NMES1,M43,"",NMES1.6406.3.3,Respiratory chain,PlasmaPTau181-M43,Respiratory chain,-0.174576782123277,1,0.69,0.080840014204161
Merged,B4GALT1,M18,ENSG00000086062,B4GALT1.13381.49.3,Glycosylation,PlasmaAB140P-M33;PlasmaNfL-M17;PlasmaPTau181-M21;Merged-M23,Glycosylation,0.258066272804786,4,2.83133333333333,0.0806361214530135
PlasmaAB140P,CHGB,M28,ENSG00000089199,CHGB.8235.48.3,Chromagranin,PlasmaAB140P-M28,Chromagranin,0.283837348408734,4,3.023,0.0801866991793738
Merged,EDA2R,M2,ENSG00000131080,EDA2R.3083.71.1,Adaptive immunity|Immunoglobulins|Cytokines,PlasmaAB140P-M1;PlasmaAB142P-M20;PlasmaAB142P-M27;PlasmaAB142P-M3;PlasmaNfL-M34;PlasmaNfL-M38;PlasmaPTau181-M7;PlasmaAB140P-M53;PlasmaAB140P-M19;PlasmaPTau181-M9;PlasmapTau217-M4;Merged-M2,Cytokine signaling;Immunoglobulin;TNF receptor binding;Immunoglobulin;Immunoglobulin|TREM;Adaptive immunity|Immunoglobulin,0.236500227821402,2,1.063,0.0799422881660401
Merged,WFIKKN1,M27,ENSG00000127578,WFIKKN1.3191.50.2,BMP signaling,PlasmaNfL-M15;PlasmaPTau181-M31,BMP signaling,-0.185943622500261,1,0.707,0.0798321957886781
Merged,MMP17,M33,ENSG00000198598,MMP17.2838.53.1,Matrix metalloprotease,PlasmaAB140P-M47;PlasmaNfL-M31,Matrix metalloprotease,-0.266959288593844,2,1.299,0.0793621521391238
Merged,PDCD5,M12,ENSG00000105185,PDCD5.12517.52.3,Translation,PlasmaAB140P-M32;PlasmaAB142P-M5;PlasmaAB140P-M42;PlasmaNfL-M8;PlasmaPTau181-M34;Merged-M27;Merged-M16,Translation;Nucleolus|Translation,0.255844095271768,2.33333333333333,1.481,0.0791349527840819
Merged,ADAMTS13,M3,ENSG00000160323,ADAMTS13.3175.51.5,Complement cascade,PlasmaAB140P-M5;PlasmaAB142P-M2;PlasmaNfL-M19;PlasmaAB140P-M51;PlasmaAB142P-M37;PlasmaNfL-M4;PlasmapTau217_AB42Ratio-M2;Merged-M14;Merged-M7,Complement cascade;Complement cascade|Extracellular space;Ambiguous;Complement cascade,-0.191750693516294,4,2.4705,0.0789962449949791
Merged,RPS14,M12,ENSG00000164587,RPS14.20964.13.3,Translation,PlasmaAB140P-M32;PlasmaAB142P-M5;PlasmaAB140P-M42;PlasmaNfL-M8;PlasmaPTau181-M34;Merged-M27;Merged-M16,Translation;Nucleolus|Translation,0.206023008953772,10,8.372,0.0789121579514776
PlasmaAB140P,COX19,M40,ENSG00000240230,COX19.23575.58.3,Mitochondrial protein import,PlasmaAB140P-M40,Mitochondrial protein import,-0.41398731527301,3,1.769,0.0785229999681192
Merged,TAX1BP3,M26,ENSG00000213977,TAX1BP3.12498.12.3,RHO GTPase|Neurotrophin signaling,PlasmaAB140P-M12;PlasmaAB142P-M38,RHO GTPase|p75NTR signalling;Neurotrophin receptor,0.459665211807621,2,1.326,0.0781739905764722
Merged,COL15A1,M13,ENSG00000204291,COL15A1.8974.172.3,Collagen,PlasmaAB142P-M17;PlasmaNfL-M10;PlasmaPTau181-M15;PlasmapTau217-M7;PlasmapTau217_AB42Ratio-M7,Collagen,0.278343322349814,5.5,3.407,0.077984783807164
Merged,SEC13,M11,ENSG00000157020,SEC13.14689.3.3,ER-Golgi transport,PlasmaAB140P-M25;PlasmaAB142P-M11;PlasmaPTau181-M29;PlasmaAB140P-M27;PlasmaPTau181-M6;Merged-M14,Golgi organization;ER-Golgi transport;ER-Golgi transport,-0.194094645611882,5,3.875,0.077830785979526
Merged,LTA,M1,ENSG00000227507,LTA.LTB.3505.6.2,PI3K-Akt|JAK-STAT|MAPK signaling,PlasmaAB140P-M14;PlasmaAB140P-M2;PlasmaAB140P-M7;PlasmaAB142P-M1;PlasmaGFAP-M1;PlasmaNfL-M1;PlasmaNfL-M6;PlasmaPTau181-M1;PlasmaPTau181-M33;PlasmapTau217-M5;PlasmapTau217_AB42Ratio-M1,TGF-beta signaling;PI3K-Akt|MAPK signaling;JAK-STAT signaling;Ambiguous;PI3K-Akt|JAK-STAT|MAPK signaling;Cytokine|JAK-STAT signaling;Hormone response,-0.192143138231876,5,3.384,0.0778131384017948
Merged,LAYN,M16,ENSG00000204381,LAYN.2635.61.2,Cadherin|Cell adhesion,PlasmaAB140P-M36;PlasmaAB142P-M13;PlasmaAB140P-M54;PlasmaAB142P-M15,Cadherin|Cell adhesion;Ambiguous;Cell adhesion,0.401698634984979,2,1.24,0.0777430992566843
Merged,STAU1,M6,ENSG00000124214,STAU1.12471.47.3,RNA-binding,PlasmaAB140P-M10;PlasmaAB140P-M26;PlasmaAB142P-M9;PlasmaNfL-M16;PlasmaPTau181-M3;PlasmaGFAP-M7;Merged-M6,RNA-binding;Splicesosome;RNA-binding,-0.00686456023564999,2.5,1.4865,0.0775167736474497
Merged,CD80,M2,ENSG00000121594,CD80.2603.61.2,Adaptive immunity|Immunoglobulins|Cytokines,PlasmaAB140P-M1;PlasmaAB142P-M20;PlasmaAB142P-M27;PlasmaAB142P-M3;PlasmaNfL-M34;PlasmaNfL-M38;PlasmaPTau181-M7;PlasmaAB140P-M53;PlasmaAB140P-M19;PlasmaPTau181-M9;PlasmapTau217-M4;Merged-M2,Cytokine signaling;Immunoglobulin;TNF receptor binding;Immunoglobulin;Immunoglobulin|TREM;Adaptive immunity|Immunoglobulin,0.226011181459719,28,17.725,0.077254264437103
Merged,NRXN1,M14,ENSG00000179915,NRXN1.5110.84.3,Neurexins|Neuroligins,PlasmaAB140P-M13;PlasmaAB142P-M10;PlasmaGFAP-M8;PlasmaNfL-M11,Neurexins|Neuroligins,0.209514540218112,5.5,3.68775,0.0772209076839299
Merged,CHN1,M4,ENSG00000128656,CHN1.22430.15.3,Ephrin signaling,PlasmaAB140P-M4;PlasmaAB142P-M4;PlasmaGFAP-M3;PlasmaNfL-M2;PlasmaPTau181-M14;PlasmapTau217-M6,Ephrin signaling,0.177153699770147,1,0.449,0.0769630484921871
Merged,BCAT2,M25,ENSG00000105552,BCAT2.19365.11.3,Amino acid metabolism,PlasmaAB140P-M34;PlasmaAB142P-M12,Amino acid metabolism,-0.337904960070719,3,1.77,0.0767828385115812
PlasmaNfL,HSPA12A,M26,ENSG00000165868,HSPA12A.25267.10.3,Heat shock protein,PlasmaNfL-M26,Heat shock protein,-0.189175808461365,3,2.199,0.0764808549205786
Merged,RBKS,M9,ENSG00000171174,RBKS.19467.3.3,Carbon metabolism,PlasmaAB140P-M8;PlasmaAB142P-M8;PlasmaABRatio-M2;PlasmaNfL-M40;PlasmaPTau181-M12;Merged-M12,Carbon metabolism|Gluconeogenesis;Carbon metabolism;Carbon metabolism|Glycolysis,-0.16862420784462,3,1.749,0.0762824159088281
PlasmaAB140P,YES1,M18,ENSG00000176105,YES1.2878.66.2,Tyrosine kinase receptor signaling,PlasmaAB140P-M18,Tyrosine kinase receptor signaling,0.205805382439459,5,3.052,0.0762362443969373
PlasmaAB140P,BCL2L1,M41,ENSG00000171552,BCL2L1.4423.77.2,Apoptosis modulation and signaling,PlasmaAB140P-M41,Apoptosis modulation and signaling,0.374012974991059,3,2.459,0.0760761718097306
Merged,EVL,M29,ENSG00000196405,EVL.11656.110.3,Actin dynamics,PlasmaAB140P-M39;PlasmaPTau181-M32,Actin binding;Actin filament,0.351976083771214,1,0.871,0.075937049099492
Merged,NMB,M10,ENSG00000197696,NMB.9321.400.3,Neuroactive ligand-receptor interaction,PlasmaNfL-M5;PlasmaPTau181-M17;PlasmaAB140P-M52;PlasmaAB140P-M49;PlasmaAB142P-M7;Merged-M17,Neuroactive ligand-receptor interaction|Antigen presentation;Neuroactive ligand-receptor interaction;Neuroactive ligand-receptor interaction,0.186826741842773,3,1.9305,0.0758638942353067
Merged,NEIL1,M1,ENSG00000140398,NEIL1.21802.53.3,PI3K-Akt|JAK-STAT|MAPK signaling,PlasmaAB140P-M14;PlasmaAB140P-M2;PlasmaAB140P-M7;PlasmaAB142P-M1;PlasmaGFAP-M1;PlasmaNfL-M1;PlasmaNfL-M6;PlasmaPTau181-M1;PlasmaPTau181-M33;PlasmapTau217-M5;PlasmapTau217_AB42Ratio-M1,TGF-beta signaling;PI3K-Akt|MAPK signaling;JAK-STAT signaling;Ambiguous;PI3K-Akt|JAK-STAT|MAPK signaling;Cytokine|JAK-STAT signaling;Hormone response,-0.256829187507519,1,0.433,0.0757835641212337
Merged,EDF1,M12,ENSG00000107223,EDF1.12415.122.3,Translation,PlasmaAB140P-M32;PlasmaAB142P-M5;PlasmaAB140P-M42;PlasmaNfL-M8;PlasmaPTau181-M34;Merged-M27;Merged-M16,Translation;Nucleolus|Translation,0.245187526784056,3.5,3.02,0.0756294146020627
Merged,IL17F,M1,ENSG00000112116,IL17F.2775.54.2,PI3K-Akt|JAK-STAT|MAPK signaling,PlasmaAB140P-M14;PlasmaAB140P-M2;PlasmaAB140P-M7;PlasmaAB142P-M1;PlasmaGFAP-M1;PlasmaNfL-M1;PlasmaNfL-M6;PlasmaPTau181-M1;PlasmaPTau181-M33;PlasmapTau217-M5;PlasmapTau217_AB42Ratio-M1,TGF-beta signaling;PI3K-Akt|MAPK signaling;JAK-STAT signaling;Ambiguous;PI3K-Akt|JAK-STAT|MAPK signaling;Cytokine|JAK-STAT signaling;Hormone response,0.364093304466195,7,4.352,0.0755923097709388
Merged,NAE1,M24,ENSG00000144744,NAE1.UBA3.21939.6.3,Neddylation,PlasmaAB140P-M30;PlasmaPTau181-M22;PlasmapTau217_AB42Ratio-M4,Neddylation,-0.380231469110608,4,2.878,0.075452298665203
Merged,SELENOW,M22,ENSG00000178980,SELENOW.18310.26.3,Glutathione metabolism|Oxidative stress,PlasmaAB142P-M16;PlasmaNfL-M20;PlasmaAB140P-M55;Merged-M22,Glutathione metabolism|Oxidative stress;Selenium micronutrient network;Glutathione metabolism,0.238979250750192,2.5,1.6805,0.0753513254123156
Merged,HPD,M25,ENSG00000158104,HPD.17509.6.3,Amino acid metabolism,PlasmaAB140P-M34;PlasmaAB142P-M12,Amino acid metabolism,-0.346417092687159,2,1.93,0.0752993809412822
Merged,EPHA1,M4,ENSG00000146904,EPHA1.3431.54.2,Ephrin signaling,PlasmaAB140P-M4;PlasmaAB142P-M4;PlasmaGFAP-M3;PlasmaNfL-M2;PlasmaPTau181-M14;PlasmapTau217-M6,Ephrin signaling,0.248877022512644,15,11.7395,0.0752500451277349
Merged,ERBB2,M1,ENSG00000141736,ERBB2.2616.23.18,PI3K-Akt|JAK-STAT|MAPK signaling,PlasmaAB140P-M14;PlasmaAB140P-M2;PlasmaAB140P-M7;PlasmaAB142P-M1;PlasmaGFAP-M1;PlasmaNfL-M1;PlasmaNfL-M6;PlasmaPTau181-M1;PlasmaPTau181-M33;PlasmapTau217-M5;PlasmapTau217_AB42Ratio-M1,TGF-beta signaling;PI3K-Akt|MAPK signaling;JAK-STAT signaling;Ambiguous;PI3K-Akt|JAK-STAT|MAPK signaling;Cytokine|JAK-STAT signaling;Hormone response,-0.150736641252678,15,11.467,0.0750729757541783
Merged,ERBB3,M1,ENSG00000065361,ERBB3.2617.56.35,PI3K-Akt|JAK-STAT|MAPK signaling,PlasmaAB140P-M14;PlasmaAB140P-M2;PlasmaAB140P-M7;PlasmaAB142P-M1;PlasmaGFAP-M1;PlasmaNfL-M1;PlasmaNfL-M6;PlasmaPTau181-M1;PlasmaPTau181-M33;PlasmapTau217-M5;PlasmapTau217_AB42Ratio-M1,TGF-beta signaling;PI3K-Akt|MAPK signaling;JAK-STAT signaling;Ambiguous;PI3K-Akt|JAK-STAT|MAPK signaling;Cytokine|JAK-STAT signaling;Hormone response,-0.257605655883696,10,7.395,0.0745949522492354
PlasmaPTau181,ABHD12,M23,ENSG00000100997,ABHD12.7825.7.3,Dendrite,PlasmaPTau181-M23,Dendrite,-0.206992001072394,1,0.443,0.0743199451517402
Merged,BTC,M1,ENSG00000174808,BTC.9242.11.3,PI3K-Akt|JAK-STAT|MAPK signaling,PlasmaAB140P-M14;PlasmaAB140P-M2;PlasmaAB140P-M7;PlasmaAB142P-M1;PlasmaGFAP-M1;PlasmaNfL-M1;PlasmaNfL-M6;PlasmaPTau181-M1;PlasmaPTau181-M33;PlasmapTau217-M5;PlasmapTau217_AB42Ratio-M1,TGF-beta signaling;PI3K-Akt|MAPK signaling;JAK-STAT signaling;Ambiguous;PI3K-Akt|JAK-STAT|MAPK signaling;Cytokine|JAK-STAT signaling;Hormone response,-0.178931586512472,5,3.712,0.0741638635828185
Merged,DKK4,M5,ENSG00000104371,DKK4.3365.7.2,Wnt signaling,PlasmaAB140P-M6;PlasmaAB142P-M6;PlasmaGFAP-M2;PlasmaNfL-M7;PlasmaPTau181-M11;PlasmapTau217-M2,Wnt signaling,0.196213322696387,6.5,4.365,0.0741077581536815
PlasmaPTau181,FOXO1,M24,ENSG00000150907,FOXO1.22055.31.3,AMPK signaling,PlasmaPTau181-M24,AMPK signaling,-0.155890632090978,4,2.531,0.074006048931281
Merged,CXCL13,M2,ENSG00000156234,CXCL13.13701.2.3,Adaptive immunity|Immunoglobulins|Cytokines,PlasmaAB140P-M1;PlasmaAB142P-M20;PlasmaAB142P-M27;PlasmaAB142P-M3;PlasmaNfL-M34;PlasmaNfL-M38;PlasmaPTau181-M7;PlasmaAB140P-M53;PlasmaAB140P-M19;PlasmaPTau181-M9;PlasmapTau217-M4;Merged-M2,Cytokine signaling;Immunoglobulin;TNF receptor binding;Immunoglobulin;Immunoglobulin|TREM;Adaptive immunity|Immunoglobulin,0.131367621740807,25,15.778,0.0738592832859954
Merged,RAB2A,M11,ENSG00000104388,RAB2A.23008.4.3,ER-Golgi transport,PlasmaAB140P-M25;PlasmaAB142P-M11;PlasmaPTau181-M29;PlasmaAB140P-M27;PlasmaPTau181-M6;Merged-M14,Golgi organization;ER-Golgi transport;ER-Golgi transport,0.20613628865857,3,2.137,0.0735358597435826
Merged,DDRGK1,M11,ENSG00000198171,DDRGK1.23559.10.3,ER-Golgi transport,PlasmaAB140P-M25;PlasmaAB142P-M11;PlasmaPTau181-M29;PlasmaAB140P-M27;PlasmaPTau181-M6;Merged-M14,Golgi organization;ER-Golgi transport;ER-Golgi transport,0.357520336222052,2,0.851,0.0735255005773772
Merged,CFHR2,M3,ENSG00000080910,CFHR2.15584.9.3,Complement cascade,PlasmaAB140P-M5;PlasmaAB142P-M2;PlasmaNfL-M19;PlasmaAB140P-M51;PlasmaAB142P-M37;PlasmaNfL-M4;PlasmapTau217_AB42Ratio-M2;Merged-M14;Merged-M7,Complement cascade;Complement cascade|Extracellular space;Ambiguous;Complement cascade,0.151654049692534,8,5.175,0.0733548854128794
Merged,PFKFB3,M9,ENSG00000170525,PFKFB3.12456.5.3,Carbon metabolism,PlasmaAB140P-M8;PlasmaAB142P-M8;PlasmaABRatio-M2;PlasmaNfL-M40;PlasmaPTau181-M12;Merged-M12,Carbon metabolism|Gluconeogenesis;Carbon metabolism;Carbon metabolism|Glycolysis,0.232738822132216,6,4.063,0.0733457387913
PlasmaPTau181,DENND10,M47,ENSG00000119979,DENND10.23535.3.3,Endosomal transport,PlasmaPTau181-M47,Endosomal transport,0.205791764294295,1,0.956,0.0732201736293943
Merged,SYTL4,M8,ENSG00000102362,SYTL4.9090.9.3,Synaptic vesicle|SNARE complex,PlasmaAB140P-M11;PlasmaGFAP-M6;PlasmaNfL-M14;PlasmapTau217-M1;PlasmapTau217_AB42Ratio-M10;PlasmaPTau181-M25;Merged-M11,Synaptic vesicle|SNARE complex,-0.405987204028828,2,1.563,0.0732007375844905
Merged,CD93,M3,ENSG00000125810,CD93.11200.52.3,Complement cascade,PlasmaAB140P-M5;PlasmaAB142P-M2;PlasmaNfL-M19;PlasmaAB140P-M51;PlasmaAB142P-M37;PlasmaNfL-M4;PlasmapTau217_AB42Ratio-M2;Merged-M14;Merged-M7,Complement cascade;Complement cascade|Extracellular space;Ambiguous;Complement cascade,0.276152929869044,4,2.267,0.0730258591519387
Merged,OSM,M1,ENSG00000099985,OSM.2693.20.3,PI3K-Akt|JAK-STAT|MAPK signaling,PlasmaAB140P-M14;PlasmaAB140P-M2;PlasmaAB140P-M7;PlasmaAB142P-M1;PlasmaGFAP-M1;PlasmaNfL-M1;PlasmaNfL-M6;PlasmaPTau181-M1;PlasmaPTau181-M33;PlasmapTau217-M5;PlasmapTau217_AB42Ratio-M1,TGF-beta signaling;PI3K-Akt|MAPK signaling;JAK-STAT signaling;Ambiguous;PI3K-Akt|JAK-STAT|MAPK signaling;Cytokine|JAK-STAT signaling;Hormone response,0.436358174372829,8,5.567,0.072914097588365
PlasmaNfL,AMY2A,M3,ENSG00000243480,AMY2A.18917.53.3,Extracellular space,PlasmaNfL-M3,Extracellular space,0.157916434600539,4,2.552,0.0727871979220751
Merged,CYRIB,M1,ENSG00000153310,CYRIB.19176.27.3,PI3K-Akt|JAK-STAT|MAPK signaling,PlasmaAB140P-M14;PlasmaAB140P-M2;PlasmaAB140P-M7;PlasmaAB142P-M1;PlasmaGFAP-M1;PlasmaNfL-M1;PlasmaNfL-M6;PlasmaPTau181-M1;PlasmaPTau181-M33;PlasmapTau217-M5;PlasmapTau217_AB42Ratio-M1,TGF-beta signaling;PI3K-Akt|MAPK signaling;JAK-STAT signaling;Ambiguous;PI3K-Akt|JAK-STAT|MAPK signaling;Cytokine|JAK-STAT signaling;Hormone response,0.29415267459207,1,0.495,0.0727787471279705
Merged,HNRNPA0,M6,ENSG00000177733,HNRNPA0.24697.48.3,RNA-binding,PlasmaAB140P-M10;PlasmaAB140P-M26;PlasmaAB142P-M9;PlasmaNfL-M16;PlasmaPTau181-M3;PlasmaGFAP-M7;Merged-M6,RNA-binding;Splicesosome;RNA-binding,-0.303446530776082,5,2.935,0.0724701378829674
Merged,SNRPF,M6,ENSG00000139343,SNRPF.5494.52.3,RNA-binding,PlasmaAB140P-M10;PlasmaAB140P-M26;PlasmaAB142P-M9;PlasmaNfL-M16;PlasmaPTau181-M3;PlasmaGFAP-M7;Merged-M6,RNA-binding;Splicesosome;RNA-binding,-0.153275803699685,8,6.693,0.0724113534400199
Merged,DDR2,M1,ENSG00000162733,DDR2.15381.45.3,PI3K-Akt|JAK-STAT|MAPK signaling,PlasmaAB140P-M14;PlasmaAB140P-M2;PlasmaAB140P-M7;PlasmaAB142P-M1;PlasmaGFAP-M1;PlasmaNfL-M1;PlasmaNfL-M6;PlasmaPTau181-M1;PlasmaPTau181-M33;PlasmapTau217-M5;PlasmapTau217_AB42Ratio-M1,TGF-beta signaling;PI3K-Akt|MAPK signaling;JAK-STAT signaling;Ambiguous;PI3K-Akt|JAK-STAT|MAPK signaling;Cytokine|JAK-STAT signaling;Hormone response,0.204602037889108,2.33333333333333,1.155,0.0722321585906931
Merged,PSMA1,M20,ENSG00000129084,PSMA1.7880.9.3,NFkB|APC/C degradation,PlasmaAB140P-M16;PlasmaAB142P-M23;PlasmaNfL-M24,NFkB|APC/C degradation,0.265768116823669,4,3.548,0.071936826438628
Merged,WNT10A,M5,ENSG00000135925,WNT10A.10044.12.3,Wnt signaling,PlasmaAB140P-M6;PlasmaAB142P-M6;PlasmaGFAP-M2;PlasmaNfL-M7;PlasmaPTau181-M11;PlasmapTau217-M2,Wnt signaling,0.34271829496927,10,8.08,0.0719248621386891
Merged,PRND,M30,ENSG00000171864,PRND.18231.147.3,GPI-anchor synthesis,PlasmaAB140P-M31;PlasmaNfL-M35,GPI-anchor synthesis,-0.27611683098163,2,0.8,0.0714447589464697
Merged,SHBG,M3,ENSG00000129214,SHBG.7909.37.3,Complement cascade,PlasmaAB140P-M5;PlasmaAB142P-M2;PlasmaNfL-M19;PlasmaAB140P-M51;PlasmaAB142P-M37;PlasmaNfL-M4;PlasmapTau217_AB42Ratio-M2;Merged-M14;Merged-M7,Complement cascade;Complement cascade|Extracellular space;Ambiguous;Complement cascade,-0.19623452632477,5,3.084,0.0712866973897965
Merged,TMEM59L,M7,ENSG00000105696,TMEM59L.9959.60.3,Chaperone|Protein folding,PlasmaAB140P-M9;PlasmaPTau181-M2;PlasmaAB140P-M56;Merged-M7,Chaperone;Chaperone|Protein folding;Chaperonin TCP-1,0.199887618941893,5,2.634,0.0709682834129517
Merged,UBE2E1,M20,ENSG00000170142,UBE2E1.14326.4.3,NFkB|APC/C degradation,PlasmaAB140P-M16;PlasmaAB142P-M23;PlasmaNfL-M24,NFkB|APC/C degradation,0.277111461277969,3,1.548,0.070600548113901
Merged,AIP,M7,ENSG00000110711,AIP.3839.60.2,Chaperone|Protein folding,PlasmaAB140P-M9;PlasmaPTau181-M2;PlasmaAB140P-M56;Merged-M7,Chaperone;Chaperone|Protein folding;Chaperonin TCP-1,-0.425244984883369,2,1.489,0.0704060916852269
Merged,RAB1A,M11,ENSG00000138069,RAB1A.19223.6.3,ER-Golgi transport,PlasmaAB140P-M25;PlasmaAB142P-M11;PlasmaPTau181-M29;PlasmaAB140P-M27;PlasmaPTau181-M6;Merged-M14,Golgi organization;ER-Golgi transport;ER-Golgi transport,-0.325159355874066,4,2.941,0.0703598842937624
PlasmaAB140P,SCG5,M28,ENSG00000166922,SCG5.15358.28.3,Chromagranin,PlasmaAB140P-M28,Chromagranin,0.348778328099164,3,2.386,0.0702374267764404
PlasmaAB140P,CHMP1A,M17,ENSG00000131165,CHMP1A.18224.11.3,Multivesicular body assembly,PlasmaAB140P-M17,Multivesicular body assembly,-0.280398597231334,5,4.978,0.0701782213241017
PlasmaAB140P,GNAQ,M22,ENSG00000156052,GNAQ.23567.37.3,GPCR signaling pathway,PlasmaAB140P-M22,GPCR signaling pathway,-0.339524763845478,5,4.5,0.0701644147060432
PlasmaPTau181,ADAM11,M23,ENSG00000073670,ADAM11.6586.19.3,Dendrite,PlasmaPTau181-M23,Dendrite,-0.202229804180872,2,1.014,0.0699563657141937
PlasmaPTau181,SHANK3,M23,ENSG00000251322,SHANK3.13242.134.3,Dendrite,PlasmaPTau181-M23,Dendrite,0.202197181316309,1,0.996,0.0699264735311859
Merged,CCL15,M2,ENSG00000275718,CCL15.14109.15.3,Adaptive immunity|Immunoglobulins|Cytokines,PlasmaAB140P-M1;PlasmaAB142P-M20;PlasmaAB142P-M27;PlasmaAB142P-M3;PlasmaNfL-M34;PlasmaNfL-M38;PlasmaPTau181-M7;PlasmaAB140P-M53;PlasmaAB140P-M19;PlasmaPTau181-M9;PlasmapTau217-M4;Merged-M2,Cytokine signaling;Immunoglobulin;TNF receptor binding;Immunoglobulin;Immunoglobulin|TREM;Adaptive immunity|Immunoglobulin,0.159316449227644,2,1.339,0.0699012291649771
PlasmaNfL,DNAJB12,M26,ENSG00000148719,DNAJB12.8006.12.3,Heat shock protein,PlasmaNfL-M26,Heat shock protein,0.274437141634726,3,1.795,0.0698731848638633
Merged,TNXB,M19,ENSG00000168477,TNXB.5698.60.3,Focal adhesion|Integrins,PlasmaAB140P-M43;PlasmaAB142P-M14;PlasmaAB142P-M21,Integrins;Synapse|Focal adhesion;Focal adhesion|Integrins,-0.195671061195079,4,2.833,0.069769273013408
Merged,CCL23,M2,ENSG00000274736,CCL23.2913.1.2,Adaptive immunity|Immunoglobulins|Cytokines,PlasmaAB140P-M1;PlasmaAB142P-M20;PlasmaAB142P-M27;PlasmaAB142P-M3;PlasmaNfL-M34;PlasmaNfL-M38;PlasmaPTau181-M7;PlasmaAB140P-M53;PlasmaAB140P-M19;PlasmaPTau181-M9;PlasmapTau217-M4;Merged-M2,Cytokine signaling;Immunoglobulin;TNF receptor binding;Immunoglobulin;Immunoglobulin|TREM;Adaptive immunity|Immunoglobulin,0.119396260991374,3,1.599,0.0697559405648738
PlasmaAB140P,PDCD1LG2,M24,ENSG00000197646,PDCD1LG2.3004.67.2,Negative regulation of IFNg,PlasmaAB140P-M24,Negative regulation of IFNg,0.205954887798125,5,4.329,0.0696207843862859
Merged,SV2A,M8,ENSG00000159164,SV2A.12880.1.3,Synaptic vesicle|SNARE complex,PlasmaAB140P-M11;PlasmaGFAP-M6;PlasmaNfL-M14;PlasmapTau217-M1;PlasmapTau217_AB42Ratio-M10;PlasmaPTau181-M25;Merged-M11,Synaptic vesicle|SNARE complex,-0.184632554509576,3,1.94,0.0693713614316157
Merged,RTRAF,M6,ENSG00000087302,RTRAF.21272.100.3,RNA-binding,PlasmaAB140P-M10;PlasmaAB140P-M26;PlasmaAB142P-M9;PlasmaNfL-M16;PlasmaPTau181-M3;PlasmaGFAP-M7;Merged-M6,RNA-binding;Splicesosome;RNA-binding,-0.184752519369008,6,3.121,0.0693459783030073
PlasmaPTau181,IL18,M37,ENSG00000150782,IL18.5661.15.3,NOD pathway|NFkB,PlasmaPTau181-M37,NOD pathway|NFkB,0.164570011110543,3,2.469,0.0691704857450579
Merged,GCG,M10,ENSG00000115263,GCG.4891.50.1,Neuroactive ligand-receptor interaction,PlasmaNfL-M5;PlasmaPTau181-M17;PlasmaAB140P-M52;PlasmaAB140P-M49;PlasmaAB142P-M7;Merged-M17,Neuroactive ligand-receptor interaction|Antigen presentation;Neuroactive ligand-receptor interaction;Neuroactive ligand-receptor interaction,0.183839009637943,6,4.491,0.0691274154248421
PlasmaNfL,LRRC4C,M32,ENSG00000148948,LRRC4C.9369.174.3,Synaptic membrane adhesion,PlasmaNfL-M32,Synaptic membrane adhesion,-0.295378522625633,2,1.484,0.0689924692491208
Merged,YBX1,M6,ENSG00000065978,YBX1.9751.72.3,RNA-binding,PlasmaAB140P-M10;PlasmaAB140P-M26;PlasmaAB142P-M9;PlasmaNfL-M16;PlasmaPTau181-M3;PlasmaGFAP-M7;Merged-M6,RNA-binding;Splicesosome;RNA-binding,0.236116978331229,8,5.802,0.0689710935497346
PlasmaGFAP,AZGP1,M4,ENSG00000160862,AZGP1.9312.8.3,Extracellular exosome,PlasmaGFAP-M4,Extracellular exosome,0.183466998115015,3,2.026,0.0689656006077732
PlasmaAB140P,HSPD1,M40,ENSG00000144381,HSPD1.2682.68.1,Mitochondrial protein import,PlasmaAB140P-M40,Mitochondrial protein import,-0.418655914133749,3,1.71,0.0689190812862848
PlasmaPTau181,BCHE,M5,ENSG00000114200,BCHE.8239.223.3,Dementia|HDL,PlasmaPTau181-M5,Dementia|HDL,-0.201095417001828,3,1.783,0.0689169318811439
Merged,CADM2,M2,ENSG00000175161,CADM2.16907.3.3,Adaptive immunity|Immunoglobulins|Cytokines,PlasmaAB140P-M1;PlasmaAB142P-M20;PlasmaAB142P-M27;PlasmaAB142P-M3;PlasmaNfL-M34;PlasmaNfL-M38;PlasmaPTau181-M7;PlasmaAB140P-M53;PlasmaAB140P-M19;PlasmaPTau181-M9;PlasmapTau217-M4;Merged-M2,Cytokine signaling;Immunoglobulin;TNF receptor binding;Immunoglobulin;Immunoglobulin|TREM;Adaptive immunity|Immunoglobulin,0.369379572568842,3,1.522,0.0688702822339144
PlasmaNfL,IGFBP2,M3,ENSG00000115457,IGFBP2.22985.160.3,Extracellular space,PlasmaNfL-M3,Extracellular space,0.294821250312551,3,1.972,0.0687522602151712
Merged,UROD,M7,ENSG00000126088,UROD.19289.29.3,Chaperone|Protein folding,PlasmaAB140P-M9;PlasmaPTau181-M2;PlasmaAB140P-M56;Merged-M7,Chaperone;Chaperone|Protein folding;Chaperonin TCP-1,0.20090033091961,3,1.479,0.068738175387805
Merged,CD69,M2,ENSG00000110848,CD69.16618.7.3,Adaptive immunity|Immunoglobulins|Cytokines,PlasmaAB140P-M1;PlasmaAB142P-M20;PlasmaAB142P-M27;PlasmaAB142P-M3;PlasmaNfL-M34;PlasmaNfL-M38;PlasmaPTau181-M7;PlasmaAB140P-M53;PlasmaAB140P-M19;PlasmaPTau181-M9;PlasmapTau217-M4;Merged-M2,Cytokine signaling;Immunoglobulin;TNF receptor binding;Immunoglobulin;Immunoglobulin|TREM;Adaptive immunity|Immunoglobulin,0.185306313698776,5,3.225,0.0684210568611178
Merged,FSTL3,M1,ENSG00000070404,FSTL3.3438.10.2,PI3K-Akt|JAK-STAT|MAPK signaling,PlasmaAB140P-M14;PlasmaAB140P-M2;PlasmaAB140P-M7;PlasmaAB142P-M1;PlasmaGFAP-M1;PlasmaNfL-M1;PlasmaNfL-M6;PlasmaPTau181-M1;PlasmaPTau181-M33;PlasmapTau217-M5;PlasmapTau217_AB42Ratio-M1,TGF-beta signaling;PI3K-Akt|MAPK signaling;JAK-STAT signaling;Ambiguous;PI3K-Akt|JAK-STAT|MAPK signaling;Cytokine|JAK-STAT signaling;Hormone response,0.416195097075379,2,1.214,0.0683637282335192
Merged,TRAPPC3,M11,ENSG00000054116,TRAPPC3.14337.1.3,ER-Golgi transport,PlasmaAB140P-M25;PlasmaAB142P-M11;PlasmaPTau181-M29;PlasmaAB140P-M27;PlasmaPTau181-M6;Merged-M14,Golgi organization;ER-Golgi transport;ER-Golgi transport,0.298252442746451,2,1.472,0.0683092958403413
Merged,PGAM1,M9,ENSG00000171314,PGAM1.3896.5.2,Carbon metabolism,PlasmaAB140P-M8;PlasmaAB142P-M8;PlasmaABRatio-M2;PlasmaNfL-M40;PlasmaPTau181-M12;Merged-M12,Carbon metabolism|Gluconeogenesis;Carbon metabolism;Carbon metabolism|Glycolysis,-0.213573047268783,2,1.889,0.0680232774304763
PlasmaPTau181,TNRC6B,M13,ENSG00000100354,TNRC6B.9808.41.3,Histone methyltransferase,PlasmaPTau181-M13,Histone methyltransferase,0.176130141187693,2,0.935,0.0679284433278836
Merged,CAMLG,M1,ENSG00000164615,CAMLG.21140.19.3,PI3K-Akt|JAK-STAT|MAPK signaling,PlasmaAB140P-M14;PlasmaAB140P-M2;PlasmaAB140P-M7;PlasmaAB142P-M1;PlasmaGFAP-M1;PlasmaNfL-M1;PlasmaNfL-M6;PlasmaPTau181-M1;PlasmaPTau181-M33;PlasmapTau217-M5;PlasmapTau217_AB42Ratio-M1,TGF-beta signaling;PI3K-Akt|MAPK signaling;JAK-STAT signaling;Ambiguous;PI3K-Akt|JAK-STAT|MAPK signaling;Cytokine|JAK-STAT signaling;Hormone response,-0.292305382238998,1,0.767,0.0676482987261689
Merged,GABARAP,M21,ENSG00000170296,GABARAP.22966.20.3,Autophagy,PlasmaAB142P-M19;PlasmaNfL-M13;PlasmaPTau181-M41,Autophagy,0.325712668833556,4.5,3.913,0.0674612063278228
Merged,STIP1,M7,ENSG00000168439,STIP1.5489.18.3,Chaperone|Protein folding,PlasmaAB140P-M9;PlasmaPTau181-M2;PlasmaAB140P-M56;Merged-M7,Chaperone;Chaperone|Protein folding;Chaperonin TCP-1,-0.209381756813992,8,5.34,0.0674519108771292
Merged,PTPRJ,M1,ENSG00000149177,PTPRJ.8250.2.3,PI3K-Akt|JAK-STAT|MAPK signaling,PlasmaAB140P-M14;PlasmaAB140P-M2;PlasmaAB140P-M7;PlasmaAB142P-M1;PlasmaGFAP-M1;PlasmaNfL-M1;PlasmaNfL-M6;PlasmaPTau181-M1;PlasmaPTau181-M33;PlasmapTau217-M5;PlasmapTau217_AB42Ratio-M1,TGF-beta signaling;PI3K-Akt|MAPK signaling;JAK-STAT signaling;Ambiguous;PI3K-Akt|JAK-STAT|MAPK signaling;Cytokine|JAK-STAT signaling;Hormone response,-0.209979226427869,2,1.45466666666667,0.0672821669775824
Merged,TWSG1,M27,ENSG00000128791,TWSG1.9234.8.3,BMP signaling,PlasmaNfL-M15;PlasmaPTau181-M31,BMP signaling,0.21519547405839,1.5,1.122,0.0672373929490913
Merged,ATOX1,M12,ENSG00000177556,ATOX1.19233.75.3,Translation,PlasmaAB140P-M32;PlasmaAB142P-M5;PlasmaAB140P-M42;PlasmaNfL-M8;PlasmaPTau181-M34;Merged-M27;Merged-M16,Translation;Nucleolus|Translation,0.245273312750765,2,1.146,0.0669864192524915
Merged,CBLC,M1,ENSG00000142273,CBLC.22417.10.3,PI3K-Akt|JAK-STAT|MAPK signaling,PlasmaAB140P-M14;PlasmaAB140P-M2;PlasmaAB140P-M7;PlasmaAB142P-M1;PlasmaGFAP-M1;PlasmaNfL-M1;PlasmaNfL-M6;PlasmaPTau181-M1;PlasmaPTau181-M33;PlasmapTau217-M5;PlasmapTau217_AB42Ratio-M1,TGF-beta signaling;PI3K-Akt|MAPK signaling;JAK-STAT signaling;Ambiguous;PI3K-Akt|JAK-STAT|MAPK signaling;Cytokine|JAK-STAT signaling;Hormone response,-0.161218636566808,4,2.906,0.0669785170716726
PlasmapTau217,ACHE,M3,ENSG00000087085,ACHE.10980.11.3,Dermatan sulfate metabolism,PlasmapTau217-M3,Dermatan sulfate metabolism,0.201571892844132,1,0.833,0.066929585957634
Merged,RPS4X,M12,ENSG00000198034,RPS4X.9758.17.3,Translation,PlasmaAB140P-M32;PlasmaAB142P-M5;PlasmaAB140P-M42;PlasmaNfL-M8;PlasmaPTau181-M34;Merged-M27;Merged-M16,Translation;Nucleolus|Translation,0.292155986298588,8,7.288,0.0666337196203591
PlasmaNfL,NTNG1,M32,ENSG00000162631,NTNG1.5637.81.3,Synaptic membrane adhesion,PlasmaNfL-M32,Synaptic membrane adhesion,0.215540907012082,3,1.978,0.0664851141309577
Merged,PFDN2,M20,ENSG00000143256,PFDN2.19243.2.3,NFkB|APC/C degradation,PlasmaAB140P-M16;PlasmaAB142P-M23;PlasmaNfL-M24,NFkB|APC/C degradation,0.234359799693428,3,1.36,0.0664610151177614
Merged,CHMP3,M21,"",CHMP3.12508.9.3,Autophagy,PlasmaAB142P-M19;PlasmaNfL-M13;PlasmaPTau181-M41,Autophagy,0.289061300574784,3,1.425,0.0662694669207134
Merged,HDGF,M1,ENSG00000143321,HDGF.16758.96.3,PI3K-Akt|JAK-STAT|MAPK signaling,PlasmaAB140P-M14;PlasmaAB140P-M2;PlasmaAB140P-M7;PlasmaAB142P-M1;PlasmaGFAP-M1;PlasmaNfL-M1;PlasmaNfL-M6;PlasmaPTau181-M1;PlasmaPTau181-M33;PlasmapTau217-M5;PlasmapTau217_AB42Ratio-M1,TGF-beta signaling;PI3K-Akt|MAPK signaling;JAK-STAT signaling;Ambiguous;PI3K-Akt|JAK-STAT|MAPK signaling;Cytokine|JAK-STAT signaling;Hormone response,0.251188042009601,4,2.376,0.0660318362319131
Merged,HAVCR2,M2,ENSG00000135077,HAVCR2.5134.52.2,Adaptive immunity|Immunoglobulins|Cytokines,PlasmaAB140P-M1;PlasmaAB142P-M20;PlasmaAB142P-M27;PlasmaAB142P-M3;PlasmaNfL-M34;PlasmaNfL-M38;PlasmaPTau181-M7;PlasmaAB140P-M53;PlasmaAB140P-M19;PlasmaPTau181-M9;PlasmapTau217-M4;Merged-M2,Cytokine signaling;Immunoglobulin;TNF receptor binding;Immunoglobulin;Immunoglobulin|TREM;Adaptive immunity|Immunoglobulin,0.205734494761089,8.5,6.062,0.0659515909425252
Merged,PGD,M9,ENSG00000142657,PGD.4187.49.2,Carbon metabolism,PlasmaAB140P-M8;PlasmaAB142P-M8;PlasmaABRatio-M2;PlasmaNfL-M40;PlasmaPTau181-M12;Merged-M12,Carbon metabolism|Gluconeogenesis;Carbon metabolism;Carbon metabolism|Glycolysis,-0.323792902034668,7,5.023,0.0656619153630075
Merged,ENTPD1,M2,ENSG00000138185,ENTPD1.3182.38.2,Adaptive immunity|Immunoglobulins|Cytokines,PlasmaAB140P-M1;PlasmaAB142P-M20;PlasmaAB142P-M27;PlasmaAB142P-M3;PlasmaNfL-M34;PlasmaNfL-M38;PlasmaPTau181-M7;PlasmaAB140P-M53;PlasmaAB140P-M19;PlasmaPTau181-M9;PlasmapTau217-M4;Merged-M2,Cytokine signaling;Immunoglobulin;TNF receptor binding;Immunoglobulin;Immunoglobulin|TREM;Adaptive immunity|Immunoglobulin,-0.238505926519225,9,5.251,0.065471418746381
Merged,CXCL16,M2,ENSG00000161921,CXCL16.2436.49.4,Adaptive immunity|Immunoglobulins|Cytokines,PlasmaAB140P-M1;PlasmaAB142P-M20;PlasmaAB142P-M27;PlasmaAB142P-M3;PlasmaNfL-M34;PlasmaNfL-M38;PlasmaPTau181-M7;PlasmaAB140P-M53;PlasmaAB140P-M19;PlasmaPTau181-M9;PlasmapTau217-M4;Merged-M2,Cytokine signaling;Immunoglobulin;TNF receptor binding;Immunoglobulin;Immunoglobulin|TREM;Adaptive immunity|Immunoglobulin,0.140936374143962,17,11.009,0.0652964893747829
Merged,TREM1,M2,ENSG00000124731,TREM1.9266.1.3,Adaptive immunity|Immunoglobulins|Cytokines,PlasmaAB140P-M1;PlasmaAB142P-M20;PlasmaAB142P-M27;PlasmaAB142P-M3;PlasmaNfL-M34;PlasmaNfL-M38;PlasmaPTau181-M7;PlasmaAB140P-M53;PlasmaAB140P-M19;PlasmaPTau181-M9;PlasmapTau217-M4;Merged-M2,Cytokine signaling;Immunoglobulin;TNF receptor binding;Immunoglobulin;Immunoglobulin|TREM;Adaptive immunity|Immunoglobulin,0.402510772029421,4,3.171,0.0652754727845976
Merged,TIAM2,M26,ENSG00000146426,TIAM2.24968.10.3,RHO GTPase|Neurotrophin signaling,PlasmaAB140P-M12;PlasmaAB142P-M38,RHO GTPase|p75NTR signalling;Neurotrophin receptor,-0.137468745175766,3,1.876,0.0651767269086332
PlasmaPTau181,DYRK3,M46,ENSG00000143479,DYRK3.4359.87.1,Cytoplasmic stress granule,PlasmaPTau181-M46,Cytoplasmic stress granule,-0.196563378272945,1,0.405,0.0647642453253393
PlasmaAB140P,CHMP6,M17,ENSG00000176108,CHMP6.21160.4.3,Multivesicular body assembly,PlasmaAB140P-M17,Multivesicular body assembly,-0.278082019644853,6,5.556,0.0645686174512897
PlasmaNfL,STOML1,M22,ENSG00000067221,STOML1.17344.23.3,Fatty acid beta-oxidation,PlasmaNfL-M22,Fatty acid beta-oxidation,-0.207296248502959,3,1.4,0.0638187869451371
Merged,TALDO1,M9,ENSG00000177156,TALDO1.11347.9.3,Carbon metabolism,PlasmaAB140P-M8;PlasmaAB142P-M8;PlasmaABRatio-M2;PlasmaNfL-M40;PlasmaPTau181-M12;Merged-M12,Carbon metabolism|Gluconeogenesis;Carbon metabolism;Carbon metabolism|Glycolysis,-0.24828686963639,3,2.597,0.0637521683596054
Merged,FGFR3,M1,ENSG00000068078,FGFR3.13669.6.3,PI3K-Akt|JAK-STAT|MAPK signaling,PlasmaAB140P-M14;PlasmaAB140P-M2;PlasmaAB140P-M7;PlasmaAB142P-M1;PlasmaGFAP-M1;PlasmaNfL-M1;PlasmaNfL-M6;PlasmaPTau181-M1;PlasmaPTau181-M33;PlasmapTau217-M5;PlasmapTau217_AB42Ratio-M1,TGF-beta signaling;PI3K-Akt|MAPK signaling;JAK-STAT signaling;Ambiguous;PI3K-Akt|JAK-STAT|MAPK signaling;Cytokine|JAK-STAT signaling;Hormone response,0.289737478715757,4,2.8,0.0637086866021519
PlasmaAB140P,EEF1E1,M20,ENSG00000124802,EEF1E1.21628.6.3,tRNA aminoacylation,PlasmaAB140P-M20,tRNA aminoacylation,-0.249863268997658,4,2.269,0.0636580523710053
Merged,CA10,M3,ENSG00000154975,CA10.3289.19.2,Complement cascade,PlasmaAB140P-M5;PlasmaAB142P-M2;PlasmaNfL-M19;PlasmaAB140P-M51;PlasmaAB142P-M37;PlasmaNfL-M4;PlasmapTau217_AB42Ratio-M2;Merged-M14;Merged-M7,Complement cascade;Complement cascade|Extracellular space;Ambiguous;Complement cascade,0.320845154774089,1,0.593,0.0635831845909326
Merged,RBFOX2,M6,ENSG00000100320,RBFOX2.11462.8.3,RNA-binding,PlasmaAB140P-M10;PlasmaAB140P-M26;PlasmaAB142P-M9;PlasmaNfL-M16;PlasmaPTau181-M3;PlasmaGFAP-M7;Merged-M6,RNA-binding;Splicesosome;RNA-binding,0.238150814251052,3.5,1.7225,0.0633544427809266
Merged,CCNB1,M17,ENSG00000134057,CCNB1.5347.59.3,Cell cycle,PlasmaNfL-M12;PlasmaPTau181-M10;PlasmaABRatio-M3;Merged-M19,DNA repair;Cell cycle;Cell cycle|RHO GTPase,-0.15784943565884,6,4.991,0.0631126218971489
Merged,DNAJB9,M7,ENSG00000128590,DNAJB9.11214.40.3,Chaperone|Protein folding,PlasmaAB140P-M9;PlasmaPTau181-M2;PlasmaAB140P-M56;Merged-M7,Chaperone;Chaperone|Protein folding;Chaperonin TCP-1,0.239102336175531,6.5,3.723,0.0630249284086569
Merged,APOD,M15,ENSG00000189058,APOD.8262.20.3,HDL,PlasmaAB140P-M3;PlasmaAB142P-M18,HDL,-0.141393683873744,11,8.985,0.0627968708299012
Merged,COL10A1,M13,ENSG00000123500,COL10A1.15653.9.3,Collagen,PlasmaAB142P-M17;PlasmaNfL-M10;PlasmaPTau181-M15;PlasmapTau217-M7;PlasmapTau217_AB42Ratio-M7,Collagen,0.169180415859182,4.33333333333333,2.464,0.0627043513494279
Merged,RECQL,M17,ENSG00000004700,RECQL.11431.235.3,Cell cycle,PlasmaNfL-M12;PlasmaPTau181-M10;PlasmaABRatio-M3;Merged-M19,DNA repair;Cell cycle;Cell cycle|RHO GTPase,-0.225272579000694,2,1.173,0.0626735690133028
Merged,IL5,M1,ENSG00000113525,IL5.3741.4.3,PI3K-Akt|JAK-STAT|MAPK signaling,PlasmaAB140P-M14;PlasmaAB140P-M2;PlasmaAB140P-M7;PlasmaAB142P-M1;PlasmaGFAP-M1;PlasmaNfL-M1;PlasmaNfL-M6;PlasmaPTau181-M1;PlasmaPTau181-M33;PlasmapTau217-M5;PlasmapTau217_AB42Ratio-M1,TGF-beta signaling;PI3K-Akt|MAPK signaling;JAK-STAT signaling;Ambiguous;PI3K-Akt|JAK-STAT|MAPK signaling;Cytokine|JAK-STAT signaling;Hormone response,-0.21803542327414,7,5.278,0.0626040000580978
PlasmaAB140P,B3GNT6,M38,ENSG00000198488,B3GNT6.7082.2.3,O-glycan processing,PlasmaAB140P-M38,O-glycan processing,-0.251483954926246,3,2.851,0.0625414397099787
Merged,CDC25B,M17,ENSG00000101224,CDC25B.12427.8.3,Cell cycle,PlasmaNfL-M12;PlasmaPTau181-M10;PlasmaABRatio-M3;Merged-M19,DNA repair;Cell cycle;Cell cycle|RHO GTPase,0.194066465262639,3,2.431,0.0624763352457476
Merged,GOT2,M25,ENSG00000125166,GOT2.23903.3.3,Amino acid metabolism,PlasmaAB140P-M34;PlasmaAB142P-M12,Amino acid metabolism,-0.378839544601291,6,4.5725,0.0622433371021608
PlasmaNfL,SUMF2,M25,ENSG00000129103,SUMF2.6069.71.3,Glycosphingolipid metabolism,PlasmaNfL-M25,Glycosphingolipid metabolism,-0.184334548323253,3,2.118,0.0621792580509253
Merged,LGR4,M5,ENSG00000205213,LGR4.16304.6.3,Wnt signaling,PlasmaAB140P-M6;PlasmaAB142P-M6;PlasmaGFAP-M2;PlasmaNfL-M7;PlasmaPTau181-M11;PlasmapTau217-M2,Wnt signaling,-0.154559017824011,1,0.503,0.0617326856343936
Merged,SEPHS1,M22,ENSG00000086475,SEPHS1.14083.25.3,Glutathione metabolism|Oxidative stress,PlasmaAB142P-M16;PlasmaNfL-M20;PlasmaAB140P-M55;Merged-M22,Glutathione metabolism|Oxidative stress;Selenium micronutrient network;Glutathione metabolism,-0.278367344806977,3,1.516,0.0616598986292664
Merged,KITLG,M4,ENSG00000049130,KITLG.9377.25.3,Ephrin signaling,PlasmaAB140P-M4;PlasmaAB142P-M4;PlasmaGFAP-M3;PlasmaNfL-M2;PlasmaPTau181-M14;PlasmapTau217-M6,Ephrin signaling,0.149049370171248,1,0.708,0.0612868228961828
PlasmaAB140P,GCDH,M15,ENSG00000105607,GCDH.19258.24.3,Fatty acid metabolic process,PlasmaAB140P-M15,Fatty acid metabolic process,-0.278362687169929,7,3.702,0.0611701494065039
Merged,SIRPB2,M2,ENSG00000196209,SIRPB2.5669.26.3,Adaptive immunity|Immunoglobulins|Cytokines,PlasmaAB140P-M1;PlasmaAB142P-M20;PlasmaAB142P-M27;PlasmaAB142P-M3;PlasmaNfL-M34;PlasmaNfL-M38;PlasmaPTau181-M7;PlasmaAB140P-M53;PlasmaAB140P-M19;PlasmaPTau181-M9;PlasmapTau217-M4;Merged-M2,Cytokine signaling;Immunoglobulin;TNF receptor binding;Immunoglobulin;Immunoglobulin|TREM;Adaptive immunity|Immunoglobulin,0.172820229777702,1,0.52,0.0610812337330061
Merged,RPL11,M12,ENSG00000142676,RPL11.21286.29.3,Translation,PlasmaAB140P-M32;PlasmaAB142P-M5;PlasmaAB140P-M42;PlasmaNfL-M8;PlasmaPTau181-M34;Merged-M27;Merged-M16,Translation;Nucleolus|Translation,0.26828640219587,3,2.243,0.060586421933012
Merged,ITGA11,M19,ENSG00000137809,ITGA11.ITGB1.21698.11.3,Focal adhesion|Integrins,PlasmaAB140P-M43;PlasmaAB142P-M14;PlasmaAB142P-M21,Integrins;Synapse|Focal adhesion;Focal adhesion|Integrins,-0.230236398475744,3,2.459,0.0604818582416993
Merged,BMP4,M27,ENSG00000125378,BMP4.6326.20.3,BMP signaling,PlasmaNfL-M15;PlasmaPTau181-M31,BMP signaling,0.191401548475364,4,3.179,0.0600344840664259
Merged,HLA-E,M10,ENSG00000204592,HLA-E.25918.60.3,Neuroactive ligand-receptor interaction,PlasmaNfL-M5;PlasmaPTau181-M17;PlasmaAB140P-M52;PlasmaAB140P-M49;PlasmaAB142P-M7;Merged-M17,Neuroactive ligand-receptor interaction|Antigen presentation;Neuroactive ligand-receptor interaction;Neuroactive ligand-receptor interaction,0.274138687934761,1,0.999,0.0598371603407599
Merged,ANGPT2,M1,ENSG00000091879,ANGPT2.2602.2.2,PI3K-Akt|JAK-STAT|MAPK signaling,PlasmaAB140P-M14;PlasmaAB140P-M2;PlasmaAB140P-M7;PlasmaAB142P-M1;PlasmaGFAP-M1;PlasmaNfL-M1;PlasmaNfL-M6;PlasmaPTau181-M1;PlasmaPTau181-M33;PlasmapTau217-M5;PlasmapTau217_AB42Ratio-M1,TGF-beta signaling;PI3K-Akt|MAPK signaling;JAK-STAT signaling;Ambiguous;PI3K-Akt|JAK-STAT|MAPK signaling;Cytokine|JAK-STAT signaling;Hormone response,0.211844910910298,6.5,3.8595,0.0597203366479831
PlasmaAB140P,PDE11A,M50,ENSG00000128655,PDE11A.5252.33.3,Nucleotide metabolism,PlasmaAB140P-M50,Nucleotide metabolism,-0.325013257801091,3,2.023,0.0595983851521743
Merged,COL6A5,M13,ENSG00000172752,COL6A5.11155.16.3,Collagen,PlasmaAB142P-M17;PlasmaNfL-M10;PlasmaPTau181-M15;PlasmapTau217-M7;PlasmapTau217_AB42Ratio-M7,Collagen,-0.190747611368638,6,3.151,0.0594352844580606
PlasmaNfL,MXRA7,M25,ENSG00000182534,MXRA7.8005.1.3,Glycosphingolipid metabolism,PlasmaNfL-M25,Glycosphingolipid metabolism,0.27308921126472,1,0.463,0.0593847894421073
Merged,CCL16,M2,ENSG00000275152,CCL16.4913.78.1,Adaptive immunity|Immunoglobulins|Cytokines,PlasmaAB140P-M1;PlasmaAB142P-M20;PlasmaAB142P-M27;PlasmaAB142P-M3;PlasmaNfL-M34;PlasmaNfL-M38;PlasmaPTau181-M7;PlasmaAB140P-M53;PlasmaAB140P-M19;PlasmaPTau181-M9;PlasmapTau217-M4;Merged-M2,Cytokine signaling;Immunoglobulin;TNF receptor binding;Immunoglobulin;Immunoglobulin|TREM;Adaptive immunity|Immunoglobulin,0.172111193775749,4,2.7155,0.0592437246928594
Merged,F3,M3,ENSG00000117525,F3.4931.59.1,Complement cascade,PlasmaAB140P-M5;PlasmaAB142P-M2;PlasmaNfL-M19;PlasmaAB140P-M51;PlasmaAB142P-M37;PlasmaNfL-M4;PlasmapTau217_AB42Ratio-M2;Merged-M14;Merged-M7,Complement cascade;Complement cascade|Extracellular space;Ambiguous;Complement cascade,0.164994077270786,4,2.193,0.0589235034574061
PlasmaAB140P,TIGIT,M24,ENSG00000181847,TIGIT.9638.2.3,Negative regulation of IFNg,PlasmaAB140P-M24,Negative regulation of IFNg,0.158320399540244,4,3.324,0.0589050601376242
Merged,INHBB,M1,ENSG00000163083,INHBB.13676.46.3,PI3K-Akt|JAK-STAT|MAPK signaling,PlasmaAB140P-M14;PlasmaAB140P-M2;PlasmaAB140P-M7;PlasmaAB142P-M1;PlasmaGFAP-M1;PlasmaNfL-M1;PlasmaNfL-M6;PlasmaPTau181-M1;PlasmaPTau181-M33;PlasmapTau217-M5;PlasmapTau217_AB42Ratio-M1,TGF-beta signaling;PI3K-Akt|MAPK signaling;JAK-STAT signaling;Ambiguous;PI3K-Akt|JAK-STAT|MAPK signaling;Cytokine|JAK-STAT signaling;Hormone response,0.234777732956243,4,2.732,0.058842900003116
Merged,NAXE,M15,ENSG00000163382,NAXE.16621.77.3,HDL,PlasmaAB140P-M3;PlasmaAB142P-M18,HDL,0.245322425008914,2,1.758,0.0587267334881621
Merged,TNC,M19,ENSG00000041982,TNC.6259.60.3,Focal adhesion|Integrins,PlasmaAB140P-M43;PlasmaAB142P-M14;PlasmaAB142P-M21,Integrins;Synapse|Focal adhesion;Focal adhesion|Integrins,0.307857610862975,4,2.904,0.0585647463805168
Merged,CD79A,M2,ENSG00000105369,CD79A.15674.3.3,Adaptive immunity|Immunoglobulins|Cytokines,PlasmaAB140P-M1;PlasmaAB142P-M20;PlasmaAB142P-M27;PlasmaAB142P-M3;PlasmaNfL-M34;PlasmaNfL-M38;PlasmaPTau181-M7;PlasmaAB140P-M53;PlasmaAB140P-M19;PlasmaPTau181-M9;PlasmapTau217-M4;Merged-M2,Cytokine signaling;Immunoglobulin;TNF receptor binding;Immunoglobulin;Immunoglobulin|TREM;Adaptive immunity|Immunoglobulin,0.189650865568535,6,3.609,0.0584303412500079
Merged,GPX3,M22,ENSG00000211445,GPX3.21796.43.3,Glutathione metabolism|Oxidative stress,PlasmaAB142P-M16;PlasmaNfL-M20;PlasmaAB140P-M55;Merged-M22,Glutathione metabolism|Oxidative stress;Selenium micronutrient network;Glutathione metabolism,-0.278486345902186,5,3.5615,0.0584166654267114
Merged,MASP1,M3,ENSG00000127241,MASP1.3605.77.4,Complement cascade,PlasmaAB140P-M5;PlasmaAB142P-M2;PlasmaNfL-M19;PlasmaAB140P-M51;PlasmaAB142P-M37;PlasmaNfL-M4;PlasmapTau217_AB42Ratio-M2;Merged-M14;Merged-M7,Complement cascade;Complement cascade|Extracellular space;Ambiguous;Complement cascade,-0.228625212366501,6,4.424,0.05840805103653
Merged,F2,M3,ENSG00000180210,F2.5316.54.3,Complement cascade,PlasmaAB140P-M5;PlasmaAB142P-M2;PlasmaNfL-M19;PlasmaAB140P-M51;PlasmaAB142P-M37;PlasmaNfL-M4;PlasmapTau217_AB42Ratio-M2;Merged-M14;Merged-M7,Complement cascade;Complement cascade|Extracellular space;Ambiguous;Complement cascade,-0.193260515988429,4,3.134,0.0580298320416809
Merged,ACVRL1,M1,ENSG00000139567,ACVRL1.16318.12.3,PI3K-Akt|JAK-STAT|MAPK signaling,PlasmaAB140P-M14;PlasmaAB140P-M2;PlasmaAB140P-M7;PlasmaAB142P-M1;PlasmaGFAP-M1;PlasmaNfL-M1;PlasmaNfL-M6;PlasmaPTau181-M1;PlasmaPTau181-M33;PlasmapTau217-M5;PlasmapTau217_AB42Ratio-M1,TGF-beta signaling;PI3K-Akt|MAPK signaling;JAK-STAT signaling;Ambiguous;PI3K-Akt|JAK-STAT|MAPK signaling;Cytokine|JAK-STAT signaling;Hormone response,0.22790525266367,4.5,3.078,0.0577436207125513
PlasmaAB140P,SIGLEC15,M24,ENSG00000197046,SIGLEC15.10847.1.3,Negative regulation of IFNg,PlasmaAB140P-M24,Negative regulation of IFNg,0.307001628108156,4,2.329,0.0577274254430953
PlasmaAB140P,RIC8A,M22,ENSG00000177963,RIC8A.25245.22.3,GPCR signaling pathway,PlasmaAB140P-M22,GPCR signaling pathway,0.234248681396079,5,3.248,0.0577200733646478
Merged,TREML2,M2,ENSG00000112195,TREML2.5736.1.3,Adaptive immunity|Immunoglobulins|Cytokines,PlasmaAB140P-M1;PlasmaAB142P-M20;PlasmaAB142P-M27;PlasmaAB142P-M3;PlasmaNfL-M34;PlasmaNfL-M38;PlasmaPTau181-M7;PlasmaAB140P-M53;PlasmaAB140P-M19;PlasmaPTau181-M9;PlasmapTau217-M4;Merged-M2,Cytokine signaling;Immunoglobulin;TNF receptor binding;Immunoglobulin;Immunoglobulin|TREM;Adaptive immunity|Immunoglobulin,0.220593255053104,4,2.823,0.0574776206359778
PlasmaNfL,METAP1D,M22,ENSG00000172878,METAP1D.19752.197.3,Fatty acid beta-oxidation,PlasmaNfL-M22,Fatty acid beta-oxidation,-0.224815556645705,3,1.381,0.0574166464099633
Merged,NCR1,M2,ENSG00000189430,NCR1.5104.57.3,Adaptive immunity|Immunoglobulins|Cytokines,PlasmaAB140P-M1;PlasmaAB142P-M20;PlasmaAB142P-M27;PlasmaAB142P-M3;PlasmaNfL-M34;PlasmaNfL-M38;PlasmaPTau181-M7;PlasmaAB140P-M53;PlasmaAB140P-M19;PlasmaPTau181-M9;PlasmapTau217-M4;Merged-M2,Cytokine signaling;Immunoglobulin;TNF receptor binding;Immunoglobulin;Immunoglobulin|TREM;Adaptive immunity|Immunoglobulin,0.198819660562139,14,7.698,0.0574128914457543
Merged,SPINK5,M28,ENSG00000133710,SPINK5.8028.22.3,Serine protease inhibitor,PlasmaAB142P-M22;PlasmaNfL-M23,Serine protease inhibitor,0.279536888300271,2.5,1.611,0.0571303667214096
Merged,FABP3,M25,ENSG00000121769,FABP3.5437.63.3,Amino acid metabolism,PlasmaAB140P-M34;PlasmaAB142P-M12,Amino acid metabolism,0.277781810260464,1,0.949,0.05695755025443
Merged,PGK1,M9,ENSG00000102144,PGK1.5020.50.1,Carbon metabolism,PlasmaAB140P-M8;PlasmaAB142P-M8;PlasmaABRatio-M2;PlasmaNfL-M40;PlasmaPTau181-M12;Merged-M12,Carbon metabolism|Gluconeogenesis;Carbon metabolism;Carbon metabolism|Glycolysis,-0.217775153668009,8,6.268,0.0569416885097981
PlasmaAB140P,RGMB,M24,ENSG00000174136,RGMB.3331.8.1,Negative regulation of IFNg,PlasmaAB140P-M24,Negative regulation of IFNg,0.364601008202227,2,1.624,0.0567200610771535
Merged,PLEK,M12,ENSG00000115956,PLEK.7875.86.3,Translation,PlasmaAB140P-M32;PlasmaAB142P-M5;PlasmaAB140P-M42;PlasmaNfL-M8;PlasmaPTau181-M34;Merged-M27;Merged-M16,Translation;Nucleolus|Translation,-0.349132523399288,1,0.574,0.0566561283762288
PlasmaAB140P,COA4,M40,ENSG00000181924,COA4.20457.13.3,Mitochondrial protein import,PlasmaAB140P-M40,Mitochondrial protein import,0.223546271883552,3,1.789,0.0564939730611995
PlasmaAB140P,AARS1,M20,ENSG00000090861,AARS1.12340.17.3,tRNA aminoacylation,PlasmaAB140P-M20,tRNA aminoacylation,-0.363208198310339,4,3.594,0.0564057340845186
Merged,GOT1,M25,ENSG00000120053,GOT1.4912.17.1,Amino acid metabolism,PlasmaAB140P-M34;PlasmaAB142P-M12,Amino acid metabolism,-0.210357316763436,3,2.8,0.0560973457438491
PlasmaAB140P,BCL2L10,M41,ENSG00000137875,BCL2L10.7249.307.3,Apoptosis modulation and signaling,PlasmaAB140P-M41,Apoptosis modulation and signaling,0.21367003625766,3,2.217,0.0560666210319475
Merged,DVL2,M5,ENSG00000004975,DVL2.13575.40.3,Wnt signaling,PlasmaAB140P-M6;PlasmaAB142P-M6;PlasmaGFAP-M2;PlasmaNfL-M7;PlasmaPTau181-M11;PlasmapTau217-M2,Wnt signaling,-0.194872495758955,3,2.857,0.0559572751716006
PlasmaAB142P,RARRES2,M31,ENSG00000106538,RARRES2.3079.62.2,Resistin,PlasmaAB142P-M31,Resistin,0.2687649547426,3,2.079,0.0559500307539526
PlasmaAB140P,ZFAND1,M35,ENSG00000104231,ZFAND1.19173.5.3,K48-dependent protein binding,PlasmaAB140P-M35,K48-dependent protein binding,-0.361021216183402,1,0.43,0.0559121796382799
Merged,CRP,M3,ENSG00000132693,CRP.4337.49.2,Complement cascade,PlasmaAB140P-M5;PlasmaAB142P-M2;PlasmaNfL-M19;PlasmaAB140P-M51;PlasmaAB142P-M37;PlasmaNfL-M4;PlasmapTau217_AB42Ratio-M2;Merged-M14;Merged-M7,Complement cascade;Complement cascade|Extracellular space;Ambiguous;Complement cascade,-0.167952502584946,4,2.677,0.0559075183608805
Merged,URM1,M21,ENSG00000167118,URM1.21653.205.3,Autophagy,PlasmaAB142P-M19;PlasmaNfL-M13;PlasmaPTau181-M41,Autophagy,0.264526619976763,1,0.707,0.0559061831102285
Merged,CD46,M3,ENSG00000117335,CD46.17682.1.3,Complement cascade,PlasmaAB140P-M5;PlasmaAB142P-M2;PlasmaNfL-M19;PlasmaAB140P-M51;PlasmaAB142P-M37;PlasmaNfL-M4;PlasmapTau217_AB42Ratio-M2;Merged-M14;Merged-M7,Complement cascade;Complement cascade|Extracellular space;Ambiguous;Complement cascade,0.216655028616115,6,4.338,0.0557075452654732
PlasmaPTau181,FOXO3,M24,ENSG00000118689,FOXO3.11540.37.3,AMPK signaling,PlasmaPTau181-M24,AMPK signaling,0.186649709566176,3,2.031,0.0556803956011674
PlasmaAB140P,CANT1,M50,ENSG00000171302,CANT1.6480.1.3,Nucleotide metabolism,PlasmaAB140P-M50,Nucleotide metabolism,0.251594343312841,3,2.148,0.0556540238023806
Merged,EPS8L2,M16,ENSG00000177106,EPS8L2.24891.54.3,Cadherin|Cell adhesion,PlasmaAB140P-M36;PlasmaAB142P-M13;PlasmaAB140P-M54;PlasmaAB142P-M15,Cadherin|Cell adhesion;Ambiguous;Cell adhesion,0.243091001112586,3,1.797,0.0554820042697073
PlasmapTau217,B3GAT1,M3,ENSG00000109956,B3GAT1.21770.18.3,Dermatan sulfate metabolism,PlasmapTau217-M3,Dermatan sulfate metabolism,0.153527405373189,2,0.927,0.0553577174328501
Merged,CDH13,M16,ENSG00000140945,CDH13.21693.14.3,Cadherin|Cell adhesion,PlasmaAB140P-M36;PlasmaAB142P-M13;PlasmaAB140P-M54;PlasmaAB142P-M15,Cadherin|Cell adhesion;Ambiguous;Cell adhesion,0.293339496757938,4,2.542,0.0550065929348205
Merged,PSMB2,M20,ENSG00000126067,PSMB2.19252.67.3,NFkB|APC/C degradation,PlasmaAB140P-M16;PlasmaAB142P-M23;PlasmaNfL-M24,NFkB|APC/C degradation,-0.132184935840576,6,4.894,0.0549765776691925
Merged,TGFB1,M1,ENSG00000105329,TGFB1.14108.15.3,PI3K-Akt|JAK-STAT|MAPK signaling,PlasmaAB140P-M14;PlasmaAB140P-M2;PlasmaAB140P-M7;PlasmaAB142P-M1;PlasmaGFAP-M1;PlasmaNfL-M1;PlasmaNfL-M6;PlasmaPTau181-M1;PlasmaPTau181-M33;PlasmapTau217-M5;PlasmapTau217_AB42Ratio-M1,TGF-beta signaling;PI3K-Akt|MAPK signaling;JAK-STAT signaling;Ambiguous;PI3K-Akt|JAK-STAT|MAPK signaling;Cytokine|JAK-STAT signaling;Hormone response,0.272279402464452,10.5,7.466,0.0548852912478246
PlasmaNfL,GLP1R,M3,ENSG00000112164,GLP1R.20581.42.3,Extracellular space,PlasmaNfL-M3,Extracellular space,-0.200730127517062,4,2.908,0.0547020431548014
Merged,IL15RA,M1,ENSG00000134470,IL15RA.14054.17.3,PI3K-Akt|JAK-STAT|MAPK signaling,PlasmaAB140P-M14;PlasmaAB140P-M2;PlasmaAB140P-M7;PlasmaAB142P-M1;PlasmaGFAP-M1;PlasmaNfL-M1;PlasmaNfL-M6;PlasmaPTau181-M1;PlasmaPTau181-M33;PlasmapTau217-M5;PlasmapTau217_AB42Ratio-M1,TGF-beta signaling;PI3K-Akt|MAPK signaling;JAK-STAT signaling;Ambiguous;PI3K-Akt|JAK-STAT|MAPK signaling;Cytokine|JAK-STAT signaling;Hormone response,0.212845749408092,2,1.105,0.0546762909618347
Merged,CCL11,M2,ENSG00000172156,CCL11.5301.7.3,Adaptive immunity|Immunoglobulins|Cytokines,PlasmaAB140P-M1;PlasmaAB142P-M20;PlasmaAB142P-M27;PlasmaAB142P-M3;PlasmaNfL-M34;PlasmaNfL-M38;PlasmaPTau181-M7;PlasmaAB140P-M53;PlasmaAB140P-M19;PlasmaPTau181-M9;PlasmapTau217-M4;Merged-M2,Cytokine signaling;Immunoglobulin;TNF receptor binding;Immunoglobulin;Immunoglobulin|TREM;Adaptive immunity|Immunoglobulin,0.154068331204208,6,4.569,0.0546195276530548
PlasmaPTau181,RBP1,M30,ENSG00000114115,RBP1.19279.42.3,Fatty acid transport,PlasmaPTau181-M30,Fatty acid transport,0.185370727937496,1,0.648,0.0545084705289716
PlasmaPTau181,PYCARD,M37,ENSG00000103490,PYCARD.24671.15.3,NOD pathway|NFkB,PlasmaPTau181-M37,NOD pathway|NFkB,0.185307765158822,3,2.766,0.0544507780201125
Merged,PRDX6,M22,ENSG00000117592,PRDX6.5018.68.1,Glutathione metabolism|Oxidative stress,PlasmaAB142P-M16;PlasmaNfL-M20;PlasmaAB140P-M55;Merged-M22,Glutathione metabolism|Oxidative stress;Selenium micronutrient network;Glutathione metabolism,-0.32571136469709,3,2.309,0.054400489184224
Merged,ASGR1,M3,ENSG00000141505,ASGR1.5452.71.3,Complement cascade,PlasmaAB140P-M5;PlasmaAB142P-M2;PlasmaNfL-M19;PlasmaAB140P-M51;PlasmaAB142P-M37;PlasmaNfL-M4;PlasmapTau217_AB42Ratio-M2;Merged-M14;Merged-M7,Complement cascade;Complement cascade|Extracellular space;Ambiguous;Complement cascade,0.34892075698177,2,1.382,0.0543727468986527
Merged,COL9A1,M13,ENSG00000112280,COL9A1.15466.30.3,Collagen,PlasmaAB142P-M17;PlasmaNfL-M10;PlasmaPTau181-M15;PlasmapTau217-M7;PlasmapTau217_AB42Ratio-M7,Collagen,0.149690251956143,7,4.873,0.0538998271587689
PlasmaNfL,SUMF1,M25,ENSG00000144455,SUMF1.6941.11.3,Glycosphingolipid metabolism,PlasmaNfL-M25,Glycosphingolipid metabolism,0.233202768820921,2,1.918,0.0537909656045974
Merged,AMBP,M3,ENSG00000106927,AMBP.15453.3.3,Complement cascade,PlasmaAB140P-M5;PlasmaAB142P-M2;PlasmaNfL-M19;PlasmaAB140P-M51;PlasmaAB142P-M37;PlasmaNfL-M4;PlasmapTau217_AB42Ratio-M2;Merged-M14;Merged-M7,Complement cascade;Complement cascade|Extracellular space;Ambiguous;Complement cascade,0.303806110760193,6,4.76766666666667,0.0536700320964981
Merged,PPIE,M6,ENSG00000084072,PPIE.5238.26.3,RNA-binding,PlasmaAB140P-M10;PlasmaAB140P-M26;PlasmaAB142P-M9;PlasmaNfL-M16;PlasmaPTau181-M3;PlasmaGFAP-M7;Merged-M6,RNA-binding;Splicesosome;RNA-binding,-0.229875078526784,4,2.6,0.0536192055600249
PlasmaAB142P,FLRT2,M28,ENSG00000185070,FLRT2.13122.19.3,Axon guidance|Netrin signaling,PlasmaAB142P-M28,Axon guidance|Netrin signaling,0.337485366527174,3,2.534,0.0536047236607555
Merged,SFRP1,M5,ENSG00000104332,SFRP1.14042.11.3,Wnt signaling,PlasmaAB140P-M6;PlasmaAB142P-M6;PlasmaGFAP-M2;PlasmaNfL-M7;PlasmaPTau181-M11;PlasmapTau217-M2,Wnt signaling,0.259985329909975,8.25,6.15,0.0534440888610763
PlasmaAB142P,PAPPA,M25,ENSG00000182752,PAPPA.4148.49.2,Insulin growth factor binding,PlasmaAB142P-M25,Insulin growth factor binding,0.218040009604503,3,2.053,0.0531489021759829
Merged,JMJD6,M6,ENSG00000070495,JMJD6.18322.15.3,RNA-binding,PlasmaAB140P-M10;PlasmaAB140P-M26;PlasmaAB142P-M9;PlasmaNfL-M16;PlasmaPTau181-M3;PlasmaGFAP-M7;Merged-M6,RNA-binding;Splicesosome;RNA-binding,-0.305341832577339,1,0.646,0.053147080697889
PlasmaPTau181,TESC,M24,ENSG00000088992,TESC.12831.21.3,AMPK signaling,PlasmaPTau181-M24,AMPK signaling,0.183594134480644,1,0.444,0.0528805859929499
Merged,PLOD2,M13,ENSG00000152952,PLOD2.6923.1.3,Collagen,PlasmaAB142P-M17;PlasmaNfL-M10;PlasmaPTau181-M15;PlasmapTau217-M7;PlasmapTau217_AB42Ratio-M7,Collagen,-0.181977324718635,3.66666666666667,2.282,0.0525980361486509
Merged,GDF15,M16,ENSG00000130513,GDF15.4374.45.2,Cadherin|Cell adhesion,PlasmaAB140P-M36;PlasmaAB142P-M13;PlasmaAB140P-M54;PlasmaAB142P-M15,Cadherin|Cell adhesion;Ambiguous;Cell adhesion,0.333523600257977,2,1.149,0.0525667920515081
Merged,YAP1,M35,ENSG00000137693,YAP1.25451.39.3,Hippo signaling,PlasmaAB140P-M46;PlasmaNfL-M30,Hippo signaling,0.203301194434338,3,2.316,0.052469497594827
Merged,IL1RN,M2,ENSG00000136689,IL1RN.5353.89.2,Adaptive immunity|Immunoglobulins|Cytokines,PlasmaAB140P-M1;PlasmaAB142P-M20;PlasmaAB142P-M27;PlasmaAB142P-M3;PlasmaNfL-M34;PlasmaNfL-M38;PlasmaPTau181-M7;PlasmaAB140P-M53;PlasmaAB140P-M19;PlasmaPTau181-M9;PlasmapTau217-M4;Merged-M2,Cytokine signaling;Immunoglobulin;TNF receptor binding;Immunoglobulin;Immunoglobulin|TREM;Adaptive immunity|Immunoglobulin,0.172704789575318,20,11.729,0.0523689796758831
Merged,LYZ,M3,ENSG00000090382,LYZ.4920.10.1,Complement cascade,PlasmaAB140P-M5;PlasmaAB142P-M2;PlasmaNfL-M19;PlasmaAB140P-M51;PlasmaAB142P-M37;PlasmaNfL-M4;PlasmapTau217_AB42Ratio-M2;Merged-M14;Merged-M7,Complement cascade;Complement cascade|Extracellular space;Ambiguous;Complement cascade,0.341272175244109,2,1.2675,0.0522872680525779
Merged,PSMB1,M20,ENSG00000008018,PSMB1.12612.37.3,NFkB|APC/C degradation,PlasmaAB140P-M16;PlasmaAB142P-M23;PlasmaNfL-M24,NFkB|APC/C degradation,0.311265817186366,4.66666666666667,3.68833333333333,0.0522822209899195
Merged,COL18A1,M13,ENSG00000182871,COL18A1.2201.17.6,Collagen,PlasmaAB142P-M17;PlasmaNfL-M10;PlasmaPTau181-M15;PlasmapTau217-M7;PlasmapTau217_AB42Ratio-M7,Collagen,0.214480471441086,6,3.69,0.0518970053790651
PlasmaAB142P,RNPEP,M29,ENSG00000176393,RNPEP.12386.11.3,Aminopeptidase,PlasmaAB142P-M29,Aminopeptidase,-0.261286545669417,3,1.63,0.0518457218144599
Merged,IL17RC,M2,ENSG00000163702,IL17RC.5468.67.3,Adaptive immunity|Immunoglobulins|Cytokines,PlasmaAB140P-M1;PlasmaAB142P-M20;PlasmaAB142P-M27;PlasmaAB142P-M3;PlasmaNfL-M34;PlasmaNfL-M38;PlasmaPTau181-M7;PlasmaAB140P-M53;PlasmaAB140P-M19;PlasmaPTau181-M9;PlasmapTau217-M4;Merged-M2,Cytokine signaling;Immunoglobulin;TNF receptor binding;Immunoglobulin;Immunoglobulin|TREM;Adaptive immunity|Immunoglobulin,0.243217522389193,1,0.734,0.0517118865748827
Merged,APOL1,M15,ENSG00000100342,APOL1.9506.10.3,HDL,PlasmaAB140P-M3;PlasmaAB142P-M18,HDL,-0.127889403062744,12,10.652,0.0516755888212136
Merged,RSPO3,M5,ENSG00000146374,RSPO3.8427.118.3,Wnt signaling,PlasmaAB140P-M6;PlasmaAB142P-M6;PlasmaGFAP-M2;PlasmaNfL-M7;PlasmaPTau181-M11;PlasmapTau217-M2,Wnt signaling,0.160042585542126,5,2.775,0.0515687313726143
Merged,SKIL,M1,ENSG00000136603,SKIL.14670.1.3,PI3K-Akt|JAK-STAT|MAPK signaling,PlasmaAB140P-M14;PlasmaAB140P-M2;PlasmaAB140P-M7;PlasmaAB142P-M1;PlasmaGFAP-M1;PlasmaNfL-M1;PlasmaNfL-M6;PlasmaPTau181-M1;PlasmaPTau181-M33;PlasmapTau217-M5;PlasmapTau217_AB42Ratio-M1,TGF-beta signaling;PI3K-Akt|MAPK signaling;JAK-STAT signaling;Ambiguous;PI3K-Akt|JAK-STAT|MAPK signaling;Cytokine|JAK-STAT signaling;Hormone response,-0.266289556293756,2,1.022,0.0513196685929796
Merged,CDHR5,M16,ENSG00000099834,CDHR5.9962.1.3,Cadherin|Cell adhesion,PlasmaAB140P-M36;PlasmaAB142P-M13;PlasmaAB140P-M54;PlasmaAB142P-M15,Cadherin|Cell adhesion;Ambiguous;Cell adhesion,0.292007539608521,3,1.73,0.0511415885386129
Merged,LCAT,M15,ENSG00000213398,LCAT.15413.3.3,HDL,PlasmaAB140P-M3;PlasmaAB142P-M18,HDL,-0.178553941631104,12,10.896,0.0510065399833609
PlasmaAB140P,ANXA4,M44,ENSG00000196975,ANXA4.17164.15.3,Calcium-dependent protein binding,PlasmaAB140P-M44,Calcium-dependent protein binding,-0.300595883071661,1,0.802,0.0508703017837504
Merged,GDF2,M1,ENSG00000263761,GDF2.4880.21.1,PI3K-Akt|JAK-STAT|MAPK signaling,PlasmaAB140P-M14;PlasmaAB140P-M2;PlasmaAB140P-M7;PlasmaAB142P-M1;PlasmaGFAP-M1;PlasmaNfL-M1;PlasmaNfL-M6;PlasmaPTau181-M1;PlasmaPTau181-M33;PlasmapTau217-M5;PlasmapTau217_AB42Ratio-M1,TGF-beta signaling;PI3K-Akt|MAPK signaling;JAK-STAT signaling;Ambiguous;PI3K-Akt|JAK-STAT|MAPK signaling;Cytokine|JAK-STAT signaling;Hormone response,-0.156953025759007,3.5,2.397,0.0506712947752336
PlasmaAB142P,LAP3,M29,ENSG00000002549,LAP3.15610.72.3,Aminopeptidase,PlasmaAB142P-M29,Aminopeptidase,-0.326091487042056,3,2.23,0.0506196743504244
Merged,RBFOX1,M14,ENSG00000078328,RBFOX1.22074.35.3,Neurexins|Neuroligins,PlasmaAB140P-M13;PlasmaAB142P-M10;PlasmaGFAP-M8;PlasmaNfL-M11,Neurexins|Neuroligins,0.22326834489921,3,1.617,0.0503115064854491
PlasmaPTau181,UBE2S,M8,ENSG00000108106,UBE2S.17729.20.3,Protein Ubiquitination,PlasmaPTau181-M8,Protein Ubiquitination,0.180658634231569,8,5.209,0.0501908004134037
Merged,RASSF5,M35,ENSG00000266094,RASSF5.23406.3.3,Hippo signaling,PlasmaAB140P-M46;PlasmaNfL-M30,Hippo signaling,-0.204291863819296,1,0.999,0.0500764649134027
Merged,TF,M3,ENSG00000091513,TF.4162.54.2,Complement cascade,PlasmaAB140P-M5;PlasmaAB142P-M2;PlasmaNfL-M19;PlasmaAB140P-M51;PlasmaAB142P-M37;PlasmaNfL-M4;PlasmapTau217_AB42Ratio-M2;Merged-M14;Merged-M7,Complement cascade;Complement cascade|Extracellular space;Ambiguous;Complement cascade,-0.170412912910966,3,1.754,0.0500060811538591
Merged,DDX1,M6,ENSG00000079785,DDX1.25092.32.3,RNA-binding,PlasmaAB140P-M10;PlasmaAB140P-M26;PlasmaAB142P-M9;PlasmaNfL-M16;PlasmaPTau181-M3;PlasmaGFAP-M7;Merged-M6,RNA-binding;Splicesosome;RNA-binding,-0.222318853534446,3,1.587,0.0499629014590828
Merged,GMPR2,M9,ENSG00000100938,GMPR2.19446.1.3,Carbon metabolism,PlasmaAB140P-M8;PlasmaAB142P-M8;PlasmaABRatio-M2;PlasmaNfL-M40;PlasmaPTau181-M12;Merged-M12,Carbon metabolism|Gluconeogenesis;Carbon metabolism;Carbon metabolism|Glycolysis,-0.25860806646491,1,0.444,0.049512490112429
Merged,CD58,M2,ENSG00000116815,CD58.10938.13.3,Adaptive immunity|Immunoglobulins|Cytokines,PlasmaAB140P-M1;PlasmaAB142P-M20;PlasmaAB142P-M27;PlasmaAB142P-M3;PlasmaNfL-M34;PlasmaNfL-M38;PlasmaPTau181-M7;PlasmaAB140P-M53;PlasmaAB140P-M19;PlasmaPTau181-M9;PlasmapTau217-M4;Merged-M2,Cytokine signaling;Immunoglobulin;TNF receptor binding;Immunoglobulin;Immunoglobulin|TREM;Adaptive immunity|Immunoglobulin,0.157752834027886,10,6.045,0.0492583532457037
Merged,RPL12,M12,ENSG00000197958,RPL12.19183.164.3,Translation,PlasmaAB140P-M32;PlasmaAB142P-M5;PlasmaAB140P-M42;PlasmaNfL-M8;PlasmaPTau181-M34;Merged-M27;Merged-M16,Translation;Nucleolus|Translation,0.299423514365941,4.5,3.887,0.0490275455373617
Merged,IL18,M1,ENSG00000150782,IL18.5661.15.3,PI3K-Akt|JAK-STAT|MAPK signaling,PlasmaAB140P-M14;PlasmaAB140P-M2;PlasmaAB140P-M7;PlasmaAB142P-M1;PlasmaGFAP-M1;PlasmaNfL-M1;PlasmaNfL-M6;PlasmaPTau181-M1;PlasmaPTau181-M33;PlasmapTau217-M5;PlasmapTau217_AB42Ratio-M1,TGF-beta signaling;PI3K-Akt|MAPK signaling;JAK-STAT signaling;Ambiguous;PI3K-Akt|JAK-STAT|MAPK signaling;Cytokine|JAK-STAT signaling;Hormone response,0.153104697938989,7,4.599,0.048965265094646
Merged,PGRMC1,M1,ENSG00000101856,PGRMC1.7863.50.3,PI3K-Akt|JAK-STAT|MAPK signaling,PlasmaAB140P-M14;PlasmaAB140P-M2;PlasmaAB140P-M7;PlasmaAB142P-M1;PlasmaGFAP-M1;PlasmaNfL-M1;PlasmaNfL-M6;PlasmaPTau181-M1;PlasmaPTau181-M33;PlasmapTau217-M5;PlasmapTau217_AB42Ratio-M1,TGF-beta signaling;PI3K-Akt|MAPK signaling;JAK-STAT signaling;Ambiguous;PI3K-Akt|JAK-STAT|MAPK signaling;Cytokine|JAK-STAT signaling;Hormone response,0.319769096242979,1,0.765,0.0489632895941103
Merged,PCNA,M17,ENSG00000132646,PCNA.19364.163.3,Cell cycle,PlasmaNfL-M12;PlasmaPTau181-M10;PlasmaABRatio-M3;Merged-M19,DNA repair;Cell cycle;Cell cycle|RHO GTPase,-0.167248601947394,4,2.629,0.0487552255203465
Merged,CTF1,M1,ENSG00000150281,CTF1.2889.37.2,PI3K-Akt|JAK-STAT|MAPK signaling,PlasmaAB140P-M14;PlasmaAB140P-M2;PlasmaAB140P-M7;PlasmaAB142P-M1;PlasmaGFAP-M1;PlasmaNfL-M1;PlasmaNfL-M6;PlasmaPTau181-M1;PlasmaPTau181-M33;PlasmapTau217-M5;PlasmapTau217_AB42Ratio-M1,TGF-beta signaling;PI3K-Akt|MAPK signaling;JAK-STAT signaling;Ambiguous;PI3K-Akt|JAK-STAT|MAPK signaling;Cytokine|JAK-STAT signaling;Hormone response,0.213554932536005,5,3.668,0.0485367387656898
Merged,GGT5,M22,ENSG00000099998,GGT5.21548.20.3,Glutathione metabolism|Oxidative stress,PlasmaAB142P-M16;PlasmaNfL-M20;PlasmaAB140P-M55;Merged-M22,Glutathione metabolism|Oxidative stress;Selenium micronutrient network;Glutathione metabolism,-0.225648626281895,3,2.699,0.0484245255373921
PlasmaNfL,LTBP4,M21,ENSG00000090006,LTBP4.13133.73.3,TGF-beta signaling,PlasmaNfL-M21,TGF-beta signaling,0.222334486095287,1,0.721,0.0481183963816073
PlasmaNfL,ECI1,M22,ENSG00000167969,ECI1.19367.34.3,Fatty acid beta-oxidation,PlasmaNfL-M22,Fatty acid beta-oxidation,-0.223742532343083,4,2.253,0.0479585736380068
Merged,ADAM10,M4,ENSG00000137845,ADAM10.8405.108.3,Ephrin signaling,PlasmaAB140P-M4;PlasmaAB142P-M4;PlasmaGFAP-M3;PlasmaNfL-M2;PlasmaPTau181-M14;PlasmapTau217-M6,Ephrin signaling,-0.189402513102184,4,2.668,0.0478916229616243
PlasmaAB140P,PNLIPRP1,M45,ENSG00000187021,PNLIPRP1.6627.25.3,Glycerolipid metabolism,PlasmaAB140P-M45,Glycerolipid metabolism,0.237317411533617,2,1.809,0.047729210266931
Merged,GZMA,M2,ENSG00000145649,GZMA.13712.104.3,Adaptive immunity|Immunoglobulins|Cytokines,PlasmaAB140P-M1;PlasmaAB142P-M20;PlasmaAB142P-M27;PlasmaAB142P-M3;PlasmaNfL-M34;PlasmaNfL-M38;PlasmaPTau181-M7;PlasmaAB140P-M53;PlasmaAB140P-M19;PlasmaPTau181-M9;PlasmapTau217-M4;Merged-M2,Cytokine signaling;Immunoglobulin;TNF receptor binding;Immunoglobulin;Immunoglobulin|TREM;Adaptive immunity|Immunoglobulin,0.157254941872319,16,9.213,0.0476817092765823
PlasmaAB140P,CHMP2B,M17,ENSG00000083937,CHMP2B.17350.13.3,Multivesicular body assembly,PlasmaAB140P-M17,Multivesicular body assembly,-0.323895971562339,5,4.841,0.047533816905117
PlasmaAB140P,PRKCD,M18,ENSG00000163932,PRKCD.2869.68.3,Tyrosine kinase receptor signaling,PlasmaAB140P-M18,Tyrosine kinase receptor signaling,-0.235637489055726,4,3.245,0.0474475981405501
Merged,SSB,M6,ENSG00000138385,SSB.13526.5.3,RNA-binding,PlasmaAB140P-M10;PlasmaAB140P-M26;PlasmaAB142P-M9;PlasmaNfL-M16;PlasmaPTau181-M3;PlasmaGFAP-M7;Merged-M6,RNA-binding;Splicesosome;RNA-binding,-0.135900797887267,8,5.466,0.0468512396548911
Merged,EPOR,M1,ENSG00000187266,EPOR.19575.4.3,PI3K-Akt|JAK-STAT|MAPK signaling,PlasmaAB140P-M14;PlasmaAB140P-M2;PlasmaAB140P-M7;PlasmaAB142P-M1;PlasmaGFAP-M1;PlasmaNfL-M1;PlasmaNfL-M6;PlasmaPTau181-M1;PlasmaPTau181-M33;PlasmapTau217-M5;PlasmapTau217_AB42Ratio-M1,TGF-beta signaling;PI3K-Akt|MAPK signaling;JAK-STAT signaling;Ambiguous;PI3K-Akt|JAK-STAT|MAPK signaling;Cytokine|JAK-STAT signaling;Hormone response,0.265065332302094,1.75,1.14425,0.0467828478459316
Merged,STX8,M8,ENSG00000170310,STX8.10903.50.3,Synaptic vesicle|SNARE complex,PlasmaAB140P-M11;PlasmaGFAP-M6;PlasmaNfL-M14;PlasmapTau217-M1;PlasmapTau217_AB42Ratio-M10;PlasmaPTau181-M25;Merged-M11,Synaptic vesicle|SNARE complex,0.256993129852889,5,3.679,0.0467235371615158
Merged,SERPINB5,M1,ENSG00000206075,SERPINB5.15417.3.3,PI3K-Akt|JAK-STAT|MAPK signaling,PlasmaAB140P-M14;PlasmaAB140P-M2;PlasmaAB140P-M7;PlasmaAB142P-M1;PlasmaGFAP-M1;PlasmaNfL-M1;PlasmaNfL-M6;PlasmaPTau181-M1;PlasmaPTau181-M33;PlasmapTau217-M5;PlasmapTau217_AB42Ratio-M1,TGF-beta signaling;PI3K-Akt|MAPK signaling;JAK-STAT signaling;Ambiguous;PI3K-Akt|JAK-STAT|MAPK signaling;Cytokine|JAK-STAT signaling;Hormone response,0.155641757696098,2,0.912,0.0466720459618835
Merged,GRHPR,M25,ENSG00000137106,GRHPR.18295.102.3,Amino acid metabolism,PlasmaAB140P-M34;PlasmaAB142P-M12,Amino acid metabolism,-0.274921798618976,3,1.794,0.0466610325009637
Merged,ART3,M30,ENSG00000156219,ART3.7970.315.3,GPI-anchor synthesis,PlasmaAB140P-M31;PlasmaNfL-M35,GPI-anchor synthesis,0.22659269726654,2.5,1.015,0.0465155102862505
PlasmaAB140P,CSK,M18,ENSG00000103653,CSK.3363.31.4,Tyrosine kinase receptor signaling,PlasmaAB140P-M18,Tyrosine kinase receptor signaling,-0.318919445069023,3,2.141,0.0464107227804108
Merged,GLP1R,M1,ENSG00000112164,GLP1R.20581.42.3,PI3K-Akt|JAK-STAT|MAPK signaling,PlasmaAB140P-M14;PlasmaAB140P-M2;PlasmaAB140P-M7;PlasmaAB142P-M1;PlasmaGFAP-M1;PlasmaNfL-M1;PlasmaNfL-M6;PlasmaPTau181-M1;PlasmaPTau181-M33;PlasmapTau217-M5;PlasmapTau217_AB42Ratio-M1,TGF-beta signaling;PI3K-Akt|MAPK signaling;JAK-STAT signaling;Ambiguous;PI3K-Akt|JAK-STAT|MAPK signaling;Cytokine|JAK-STAT signaling;Hormone response,-0.157358267465342,2,1.153,0.0463477994450751
Merged,SYT2,M8,ENSG00000143858,SYT2.9577.26.3,Synaptic vesicle|SNARE complex,PlasmaAB140P-M11;PlasmaGFAP-M6;PlasmaNfL-M14;PlasmapTau217-M1;PlasmapTau217_AB42Ratio-M10;PlasmaPTau181-M25;Merged-M11,Synaptic vesicle|SNARE complex,0.133784990487292,5,3.083,0.0462712375672585
Merged,HPX,M3,ENSG00000110169,HPX.15347.12.3,Complement cascade,PlasmaAB140P-M5;PlasmaAB142P-M2;PlasmaNfL-M19;PlasmaAB140P-M51;PlasmaAB142P-M37;PlasmaNfL-M4;PlasmapTau217_AB42Ratio-M2;Merged-M14;Merged-M7,Complement cascade;Complement cascade|Extracellular space;Ambiguous;Complement cascade,-0.234472240918356,5.5,4.2385,0.0461982753868723
Merged,PCSK1,M10,ENSG00000175426,PCSK1.13388.57.3,Neuroactive ligand-receptor interaction,PlasmaNfL-M5;PlasmaPTau181-M17;PlasmaAB140P-M52;PlasmaAB140P-M49;PlasmaAB142P-M7;Merged-M17,Neuroactive ligand-receptor interaction|Antigen presentation;Neuroactive ligand-receptor interaction;Neuroactive ligand-receptor interaction,0.282681885836153,3,2.063,0.0459852875170836
Merged,DCUN1D1,M24,ENSG00000043093,DCUN1D1.17366.6.3,Neddylation,PlasmaAB140P-M30;PlasmaPTau181-M22;PlasmapTau217_AB42Ratio-M4,Neddylation,-0.0138746675873705,3,2.349,0.0458724209832643
Merged,KLHL13,M24,ENSG00000003096,KLHL13.12463.7.3,Neddylation,PlasmaAB140P-M30;PlasmaPTau181-M22;PlasmapTau217_AB42Ratio-M4,Neddylation,0.201869919802728,4,2.713,0.0458509343410831
Merged,CD300LF,M2,ENSG00000186074,CD300LF.5623.11.3,Adaptive immunity|Immunoglobulins|Cytokines,PlasmaAB140P-M1;PlasmaAB142P-M20;PlasmaAB142P-M27;PlasmaAB142P-M3;PlasmaNfL-M34;PlasmaNfL-M38;PlasmaPTau181-M7;PlasmaAB140P-M53;PlasmaAB140P-M19;PlasmaPTau181-M9;PlasmapTau217-M4;Merged-M2,Cytokine signaling;Immunoglobulin;TNF receptor binding;Immunoglobulin;Immunoglobulin|TREM;Adaptive immunity|Immunoglobulin,-0.153081433891871,5,2.764,0.0458220590069389
Merged,PPY,M10,ENSG00000108849,PPY.4588.1.2,Neuroactive ligand-receptor interaction,PlasmaNfL-M5;PlasmaPTau181-M17;PlasmaAB140P-M52;PlasmaAB140P-M49;PlasmaAB142P-M7;Merged-M17,Neuroactive ligand-receptor interaction|Antigen presentation;Neuroactive ligand-receptor interaction;Neuroactive ligand-receptor interaction,0.228029855206632,3,1.893,0.0456653019931921
PlasmaAB140P,GALNT1,M38,ENSG00000141429,GALNT1.7090.17.3,O-glycan processing,PlasmaAB140P-M38,O-glycan processing,0.278912064652868,3,2.809,0.0455742493230332
Merged,TNFSF10,M2,ENSG00000121858,TNFSF10.8833.20.3,Adaptive immunity|Immunoglobulins|Cytokines,PlasmaAB140P-M1;PlasmaAB142P-M20;PlasmaAB142P-M27;PlasmaAB142P-M3;PlasmaNfL-M34;PlasmaNfL-M38;PlasmaPTau181-M7;PlasmaAB140P-M53;PlasmaAB140P-M19;PlasmaPTau181-M9;PlasmapTau217-M4;Merged-M2,Cytokine signaling;Immunoglobulin;TNF receptor binding;Immunoglobulin;Immunoglobulin|TREM;Adaptive immunity|Immunoglobulin,-0.1422525609207,20,11.915,0.0450044414329231
Merged,SNRPC,M6,ENSG00000124562,SNRPC.20918.28.3,RNA-binding,PlasmaAB140P-M10;PlasmaAB140P-M26;PlasmaAB142P-M9;PlasmaNfL-M16;PlasmaPTau181-M3;PlasmaGFAP-M7;Merged-M6,RNA-binding;Splicesosome;RNA-binding,0.192501380309984,5.5,4.3025,0.0449529809620437
Merged,BTLA,M2,ENSG00000186265,BTLA.16308.14.3,Adaptive immunity|Immunoglobulins|Cytokines,PlasmaAB140P-M1;PlasmaAB142P-M20;PlasmaAB142P-M27;PlasmaAB142P-M3;PlasmaNfL-M34;PlasmaNfL-M38;PlasmaPTau181-M7;PlasmaAB140P-M53;PlasmaAB140P-M19;PlasmaPTau181-M9;PlasmapTau217-M4;Merged-M2,Cytokine signaling;Immunoglobulin;TNF receptor binding;Immunoglobulin;Immunoglobulin|TREM;Adaptive immunity|Immunoglobulin,-0.233458651265246,10,6.96,0.0449374011429153
PlasmaAB140P,RGS7,M22,ENSG00000182901,RGS7.12538.19.3,GPCR signaling pathway,PlasmaAB140P-M22,GPCR signaling pathway,-0.129988770642265,5,3.444,0.0446808851676445
Merged,AFM,M3,ENSG00000079557,AFM.4763.31.3,Complement cascade,PlasmaAB140P-M5;PlasmaAB142P-M2;PlasmaNfL-M19;PlasmaAB140P-M51;PlasmaAB142P-M37;PlasmaNfL-M4;PlasmapTau217_AB42Ratio-M2;Merged-M14;Merged-M7,Complement cascade;Complement cascade|Extracellular space;Ambiguous;Complement cascade,-0.188452279430719,3,1.804,0.044559861655145
PlasmaAB142P,DNAJB9,M26,ENSG00000128590,DNAJB9.11214.40.3,ERAD pathway,PlasmaAB142P-M26,ERAD pathway,0.274088166436513,2,1.3,0.0442247139455024
PlasmaPTau181,TAF12,M27,ENSG00000120656,TAF12.22797.20.3,DNA repair,PlasmaPTau181-M27,DNA repair,-0.174085291052762,2,1.998,0.0441676758378444
Merged,TWSG1,M16,ENSG00000128791,TWSG1.9234.8.3,Cadherin|Cell adhesion,PlasmaAB140P-M36;PlasmaAB142P-M13;PlasmaAB140P-M54;PlasmaAB142P-M15,Cadherin|Cell adhesion;Ambiguous;Cell adhesion,0.255198574986095,1,0.657,0.0435282311668584
Merged,STK4,M35,ENSG00000101109,STK4.22847.18.3,Hippo signaling,PlasmaAB140P-M46;PlasmaNfL-M30,Hippo signaling,-0.19643257779868,3,2.018,0.0435049724059553
Merged,PSMA7,M20,ENSG00000101182,PSMA7.12460.18.3,NFkB|APC/C degradation,PlasmaAB140P-M16;PlasmaAB142P-M23;PlasmaNfL-M24,NFkB|APC/C degradation,-0.139847745122294,6,4.981,0.0434998812554481
Merged,SPINK2,M28,ENSG00000128040,SPINK2.13405.61.3,Serine protease inhibitor,PlasmaAB142P-M22;PlasmaNfL-M23,Serine protease inhibitor,0.230888908265349,4,1.84,0.0431554788538784
Merged,IL10RB,M1,ENSG00000243646,IL10RB.2631.50.2,PI3K-Akt|JAK-STAT|MAPK signaling,PlasmaAB140P-M14;PlasmaAB140P-M2;PlasmaAB140P-M7;PlasmaAB142P-M1;PlasmaGFAP-M1;PlasmaNfL-M1;PlasmaNfL-M6;PlasmaPTau181-M1;PlasmaPTau181-M33;PlasmapTau217-M5;PlasmapTau217_AB42Ratio-M1,TGF-beta signaling;PI3K-Akt|MAPK signaling;JAK-STAT signaling;Ambiguous;PI3K-Akt|JAK-STAT|MAPK signaling;Cytokine|JAK-STAT signaling;Hormone response,0.174217888937316,8,6.143,0.0429977213022332
Merged,NFATC1,M1,ENSG00000131196,NFATC1.14286.2.3,PI3K-Akt|JAK-STAT|MAPK signaling,PlasmaAB140P-M14;PlasmaAB140P-M2;PlasmaAB140P-M7;PlasmaAB142P-M1;PlasmaGFAP-M1;PlasmaNfL-M1;PlasmaNfL-M6;PlasmaPTau181-M1;PlasmaPTau181-M33;PlasmapTau217-M5;PlasmapTau217_AB42Ratio-M1,TGF-beta signaling;PI3K-Akt|MAPK signaling;JAK-STAT signaling;Ambiguous;PI3K-Akt|JAK-STAT|MAPK signaling;Cytokine|JAK-STAT signaling;Hormone response,-0.242085025129875,2,0.896,0.0429503547212121
PlasmaPTau181,CNN1,M18,ENSG00000130176,CNN1.15566.10.3,Myosin,PlasmaPTau181-M18,Myosin,0.172441479610518,2,1.583,0.0426614588602664
Merged,EFNB1,M4,ENSG00000090776,EFNB1.13104.32.3,Ephrin signaling,PlasmaAB140P-M4;PlasmaAB142P-M4;PlasmaGFAP-M3;PlasmaNfL-M2;PlasmaPTau181-M14;PlasmapTau217-M6,Ephrin signaling,0.260275240700562,12.5,10.95475,0.0426039557826632
PlasmaNfL,PAPPA,M3,ENSG00000182752,PAPPA.4148.49.2,Extracellular space,PlasmaNfL-M3,Extracellular space,0.172104244580038,3,1.71,0.042578663152166
PlasmaNfL,SCN3B,M33,ENSG00000166257,SCN3B.20516.11.3,Sodium channel regulator,PlasmaNfL-M33,Sodium channel regulator,0.203809616110756,2,1.519,0.0425482212131633
Merged,CD84,M2,ENSG00000066294,CD84.3642.4.1,Adaptive immunity|Immunoglobulins|Cytokines,PlasmaAB140P-M1;PlasmaAB142P-M20;PlasmaAB142P-M27;PlasmaAB142P-M3;PlasmaNfL-M34;PlasmaNfL-M38;PlasmaPTau181-M7;PlasmaAB140P-M53;PlasmaAB140P-M19;PlasmaPTau181-M9;PlasmapTau217-M4;Merged-M2,Cytokine signaling;Immunoglobulin;TNF receptor binding;Immunoglobulin;Immunoglobulin|TREM;Adaptive immunity|Immunoglobulin,0.250382139860163,4.5,2.6985,0.0424607819019859
Merged,PYY,M10,ENSG00000131096,PYY.3727.35.1,Neuroactive ligand-receptor interaction,PlasmaNfL-M5;PlasmaPTau181-M17;PlasmaAB140P-M52;PlasmaAB140P-M49;PlasmaAB142P-M7;Merged-M17,Neuroactive ligand-receptor interaction|Antigen presentation;Neuroactive ligand-receptor interaction;Neuroactive ligand-receptor interaction,0.190537460658789,5.5,3.7945,0.0424162906525204
Merged,CCDC134,M11,ENSG00000100147,CCDC134.15300.66.3,ER-Golgi transport,PlasmaAB140P-M25;PlasmaAB142P-M11;PlasmaPTau181-M29;PlasmaAB140P-M27;PlasmaPTau181-M6;Merged-M14,Golgi organization;ER-Golgi transport;ER-Golgi transport,0.293638343774269,1,0.468,0.0423910487369434
Merged,CA10,M3,ENSG00000154975,CA10.13666.222.3,Complement cascade,PlasmaAB140P-M5;PlasmaAB142P-M2;PlasmaNfL-M19;PlasmaAB140P-M51;PlasmaAB142P-M37;PlasmaNfL-M4;PlasmapTau217_AB42Ratio-M2;Merged-M14;Merged-M7,Complement cascade;Complement cascade|Extracellular space;Ambiguous;Complement cascade,-0.229838713421309,1,0.593,0.0420276884264041
Merged,TIMP1,M33,ENSG00000102265,TIMP1.2211.9.11,Matrix metalloprotease,PlasmaAB140P-M47;PlasmaNfL-M31,Matrix metalloprotease,0.269478140310195,3,2.307,0.042001856570986
PlasmaAB140P,ACBD6,M15,ENSG00000230124,ACBD6.19341.36.3,Fatty acid metabolic process,PlasmaAB140P-M15,Fatty acid metabolic process,0.262824889281476,2,0.928,0.0418695720223439
PlasmaAB140P,PLPP4,M45,ENSG00000203805,PLPP4.13548.53.3,Glycerolipid metabolism,PlasmaAB140P-M45,Glycerolipid metabolism,0.264081512212608,2,1.844,0.0418693214231056
PlasmaAB140P,MAP2K2,M18,ENSG00000126934,MAP2K2.3628.3.4,Tyrosine kinase receptor signaling,PlasmaAB140P-M18,Tyrosine kinase receptor signaling,0.258269627943802,4,2.789,0.0417776031359455
PlasmaAB140P,HAVCR2,M24,ENSG00000135077,HAVCR2.5134.52.2,Negative regulation of IFNg,PlasmaAB140P-M24,Negative regulation of IFNg,0.297984309834627,4,3.404,0.0416861166895441
Merged,TMED2,M11,ENSG00000086598,TMED2.10761.5.3,ER-Golgi transport,PlasmaAB140P-M25;PlasmaAB142P-M11;PlasmaPTau181-M29;PlasmaAB140P-M27;PlasmaPTau181-M6;Merged-M14,Golgi organization;ER-Golgi transport;ER-Golgi transport,0.268726082730442,6.5,4.7255,0.041474117747588
Merged,ITGA2B,M19,ENSG00000005961,ITGA2B.ITGB3.19574.5.3,Focal adhesion|Integrins,PlasmaAB140P-M43;PlasmaAB142P-M14;PlasmaAB142P-M21,Integrins;Synapse|Focal adhesion;Focal adhesion|Integrins,-0.242919227478515,2,1.683,0.0412144537260905
Merged,SLITRK6,M32,ENSG00000184564,SLITRK6.16916.19.3,Synapse assembly,PlasmaGFAP-M5;PlasmaNfL-M42,Synapse assembly;Synapse assembly|Slitrk family,0.185992919816897,1,0.568,0.0411362484045742
PlasmaAB140P,PCSK1N,M28,ENSG00000102109,PCSK1N.9391.60.3,Chromagranin,PlasmaAB140P-M28,Chromagranin,0.269163171542457,3,2,0.0409466155475695
Merged,CA10,M14,ENSG00000154975,CA10.13666.222.3,Neurexins|Neuroligins,PlasmaAB140P-M13;PlasmaAB142P-M10;PlasmaGFAP-M8;PlasmaNfL-M11,Neurexins|Neuroligins,-0.181009948117124,2,1.044,0.040670828002189
Merged,MMP12,M33,ENSG00000262406,MMP12.4496.60.2,Matrix metalloprotease,PlasmaAB140P-M47;PlasmaNfL-M31,Matrix metalloprotease,0.16389198374978,2,1.614,0.0406221398204839
PlasmaNfL,PXDN,M3,ENSG00000130508,PXDN.13463.1.3,Extracellular space,PlasmaNfL-M3,Extracellular space,0.229333496740739,6,3.216,0.0405241396864263
Merged,ADAMTS3,M33,ENSG00000156140,ADAMTS3.8845.2.3,Matrix metalloprotease,PlasmaAB140P-M47;PlasmaNfL-M31,Matrix metalloprotease,-0.230272439975893,2,1.15,0.0404901237135969
Merged,CD207,M2,ENSG00000116031,CD207.3361.26.2,Adaptive immunity|Immunoglobulins|Cytokines,PlasmaAB140P-M1;PlasmaAB142P-M20;PlasmaAB142P-M27;PlasmaAB142P-M3;PlasmaNfL-M34;PlasmaNfL-M38;PlasmaPTau181-M7;PlasmaAB140P-M53;PlasmaAB140P-M19;PlasmaPTau181-M9;PlasmapTau217-M4;Merged-M2,Cytokine signaling;Immunoglobulin;TNF receptor binding;Immunoglobulin;Immunoglobulin|TREM;Adaptive immunity|Immunoglobulin,-0.175935589882546,6,3.219,0.0404777237789798
PlasmapTau217,BCAN,M3,ENSG00000132692,BCAN.3461.58.1,Dermatan sulfate metabolism,PlasmapTau217-M3,Dermatan sulfate metabolism,0.184040040088392,3,1.808,0.040087306610141
Merged,RAD51C,M17,ENSG00000108384,RAD51C.22544.10.3,Cell cycle,PlasmaNfL-M12;PlasmaPTau181-M10;PlasmaABRatio-M3;Merged-M19,DNA repair;Cell cycle;Cell cycle|RHO GTPase,0.175899209233267,3,2.2255,0.040007091540383
Merged,NRG3,M1,ENSG00000185737,NRG3.10981.56.3,PI3K-Akt|JAK-STAT|MAPK signaling,PlasmaAB140P-M14;PlasmaAB140P-M2;PlasmaAB140P-M7;PlasmaAB142P-M1;PlasmaGFAP-M1;PlasmaNfL-M1;PlasmaNfL-M6;PlasmaPTau181-M1;PlasmaPTau181-M33;PlasmapTau217-M5;PlasmapTau217_AB42Ratio-M1,TGF-beta signaling;PI3K-Akt|MAPK signaling;JAK-STAT signaling;Ambiguous;PI3K-Akt|JAK-STAT|MAPK signaling;Cytokine|JAK-STAT signaling;Hormone response,0.133029337509761,3,2.404,0.0399600135094429
Merged,COL6A1,M13,ENSG00000142156,COL6A1.11150.3.3,Collagen,PlasmaAB142P-M17;PlasmaNfL-M10;PlasmaPTau181-M15;PlasmapTau217-M7;PlasmapTau217_AB42Ratio-M7,Collagen,0.146887631054683,5,4.003,0.0399079994816408
Merged,USO1,M11,ENSG00000138768,USO1.13639.101.3,ER-Golgi transport,PlasmaAB140P-M25;PlasmaAB142P-M11;PlasmaPTau181-M29;PlasmaAB140P-M27;PlasmaPTau181-M6;Merged-M14,Golgi organization;ER-Golgi transport;ER-Golgi transport,0.254039758511091,5,3.217,0.0398418448251696
Merged,ADPGK,M9,ENSG00000159322,ADPGK.6221.1.3,Carbon metabolism,PlasmaAB140P-M8;PlasmaAB142P-M8;PlasmaABRatio-M2;PlasmaNfL-M40;PlasmaPTau181-M12;Merged-M12,Carbon metabolism|Gluconeogenesis;Carbon metabolism;Carbon metabolism|Glycolysis,0.240046994589892,5.5,3.6635,0.0396294198229253
Merged,MASP1,M3,ENSG00000127241,MASP1.8091.16.3,Complement cascade,PlasmaAB140P-M5;PlasmaAB142P-M2;PlasmaNfL-M19;PlasmaAB140P-M51;PlasmaAB142P-M37;PlasmaNfL-M4;PlasmapTau217_AB42Ratio-M2;Merged-M14;Merged-M7,Complement cascade;Complement cascade|Extracellular space;Ambiguous;Complement cascade,-0.234487059815314,3,2.397,0.0396213469798723
Merged,KLK11,M28,ENSG00000167757,KLK11.2831.29.1,Serine protease inhibitor,PlasmaAB142P-M22;PlasmaNfL-M23,Serine protease inhibitor,0.201591171420259,1,0.452,0.0395825152029768
Merged,IL22RA1,M1,ENSG00000142677,IL22RA1.3620.67.1,PI3K-Akt|JAK-STAT|MAPK signaling,PlasmaAB140P-M14;PlasmaAB140P-M2;PlasmaAB140P-M7;PlasmaAB142P-M1;PlasmaGFAP-M1;PlasmaNfL-M1;PlasmaNfL-M6;PlasmaPTau181-M1;PlasmaPTau181-M33;PlasmapTau217-M5;PlasmapTau217_AB42Ratio-M1,TGF-beta signaling;PI3K-Akt|MAPK signaling;JAK-STAT signaling;Ambiguous;PI3K-Akt|JAK-STAT|MAPK signaling;Cytokine|JAK-STAT signaling;Hormone response,-0.225795134688122,2,1.604,0.0389989490202648
Merged,WNT5A,M5,ENSG00000114251,WNT5A.13268.45.3,Wnt signaling,PlasmaAB140P-M6;PlasmaAB142P-M6;PlasmaGFAP-M2;PlasmaNfL-M7;PlasmaPTau181-M11;PlasmapTau217-M2,Wnt signaling,0.139974399994539,12,10.953,0.0389117193623201
PlasmaNfL,GHRL,M3,ENSG00000157017,GHRL.23581.131.3,Extracellular space,PlasmaNfL-M3,Extracellular space,0.181941005545652,6,4.145,0.0387956198979392
Merged,PGM5,M9,ENSG00000154330,PGM5.25117.17.3,Carbon metabolism,PlasmaAB140P-M8;PlasmaAB142P-M8;PlasmaABRatio-M2;PlasmaNfL-M40;PlasmaPTau181-M12;Merged-M12,Carbon metabolism|Gluconeogenesis;Carbon metabolism;Carbon metabolism|Glycolysis,0.16799279704083,1,0.968,0.0385851511755042
Merged,PSMB10,M20,ENSG00000205220,PSMB10.21861.8.3,NFkB|APC/C degradation,PlasmaAB140P-M16;PlasmaAB142P-M23;PlasmaNfL-M24,NFkB|APC/C degradation,-0.175749319757595,6,4.894,0.0382994627284931
Merged,GSS,M22,ENSG00000100983,GSS.15526.33.3,Glutathione metabolism|Oxidative stress,PlasmaAB142P-M16;PlasmaNfL-M20;PlasmaAB140P-M55;Merged-M22,Glutathione metabolism|Oxidative stress;Selenium micronutrient network;Glutathione metabolism,-0.160160670991794,2.33333333333333,2.05633333333333,0.0381372922157487
Merged,AGRP,M1,ENSG00000159723,AGRP.2813.11.2,PI3K-Akt|JAK-STAT|MAPK signaling,PlasmaAB140P-M14;PlasmaAB140P-M2;PlasmaAB140P-M7;PlasmaAB142P-M1;PlasmaGFAP-M1;PlasmaNfL-M1;PlasmaNfL-M6;PlasmaPTau181-M1;PlasmaPTau181-M33;PlasmapTau217-M5;PlasmapTau217_AB42Ratio-M1,TGF-beta signaling;PI3K-Akt|MAPK signaling;JAK-STAT signaling;Ambiguous;PI3K-Akt|JAK-STAT|MAPK signaling;Cytokine|JAK-STAT signaling;Hormone response,0.167013144411202,2,1.305,0.0376874999090912
Merged,CD300C,M21,ENSG00000167850,CD300C.5066.134.3,Autophagy,PlasmaAB142P-M19;PlasmaNfL-M13;PlasmaPTau181-M41,Autophagy,0.201267942305977,4,3.785,0.037670947838608
Merged,MICAL1,M11,ENSG00000135596,MICAL1.25070.18.3,ER-Golgi transport,PlasmaAB140P-M25;PlasmaAB142P-M11;PlasmaPTau181-M29;PlasmaAB140P-M27;PlasmaPTau181-M6;Merged-M14,Golgi organization;ER-Golgi transport;ER-Golgi transport,-0.238397698842855,1,0.485,0.0375431800164483
PlasmaAB140P,VIL1,M28,ENSG00000127831,VIL1.24901.4.3,Chromagranin,PlasmaAB140P-M28,Chromagranin,-0.256967444063723,2,0.906,0.0372597369537101
Merged,NTRK3,M26,ENSG00000140538,NTRK3.2658.27.1,RHO GTPase|Neurotrophin signaling,PlasmaAB140P-M12;PlasmaAB142P-M38,RHO GTPase|p75NTR signalling;Neurotrophin receptor,-0.209546824247778,3,2.157,0.0371057503607066
PlasmaAB142P,PPP4R3A,M36,ENSG00000100796,PPP4R3A.10866.60.3,Protein phosphatase,PlasmaAB142P-M36,Protein phosphatase,0.198761605353641,1,0.573,0.0364431373596896
PlasmaAB142P,RETN,M31,ENSG00000104918,RETN.3046.31.1,Resistin,PlasmaAB142P-M31,Resistin,0.271964856780257,3,2.455,0.0364391960906212
Merged,PROC,M10,ENSG00000115718,PROC.2961.1.2,Neuroactive ligand-receptor interaction,PlasmaNfL-M5;PlasmaPTau181-M17;PlasmaAB140P-M52;PlasmaAB140P-M49;PlasmaAB142P-M7;Merged-M17,Neuroactive ligand-receptor interaction|Antigen presentation;Neuroactive ligand-receptor interaction;Neuroactive ligand-receptor interaction,-0.165587356453525,1,0.466,0.0363810568627113
Merged,RIPK2,M2,ENSG00000104312,RIPK2.8993.151.3,Adaptive immunity|Immunoglobulins|Cytokines,PlasmaAB140P-M1;PlasmaAB142P-M20;PlasmaAB142P-M27;PlasmaAB142P-M3;PlasmaNfL-M34;PlasmaNfL-M38;PlasmaPTau181-M7;PlasmaAB140P-M53;PlasmaAB140P-M19;PlasmaPTau181-M9;PlasmapTau217-M4;Merged-M2,Cytokine signaling;Immunoglobulin;TNF receptor binding;Immunoglobulin;Immunoglobulin|TREM;Adaptive immunity|Immunoglobulin,0.172376952318738,6,3.981,0.0363785455883874
Merged,NPW,M10,ENSG00000183971,NPW.9986.14.3,Neuroactive ligand-receptor interaction,PlasmaNfL-M5;PlasmaPTau181-M17;PlasmaAB140P-M52;PlasmaAB140P-M49;PlasmaAB142P-M7;Merged-M17,Neuroactive ligand-receptor interaction|Antigen presentation;Neuroactive ligand-receptor interaction;Neuroactive ligand-receptor interaction,0.218317445940059,2.5,1.4465,0.0357187788001158
Merged,TREM2,M2,ENSG00000095970,TREM2.11851.21.3,Adaptive immunity|Immunoglobulins|Cytokines,PlasmaAB140P-M1;PlasmaAB142P-M20;PlasmaAB142P-M27;PlasmaAB142P-M3;PlasmaNfL-M34;PlasmaNfL-M38;PlasmaPTau181-M7;PlasmaAB140P-M53;PlasmaAB140P-M19;PlasmaPTau181-M9;PlasmapTau217-M4;Merged-M2,Cytokine signaling;Immunoglobulin;TNF receptor binding;Immunoglobulin;Immunoglobulin|TREM;Adaptive immunity|Immunoglobulin,0.169929040739454,4,3.22,0.0356942949014373
Merged,VOPP1,M1,ENSG00000154978,VOPP1.14618.26.3,PI3K-Akt|JAK-STAT|MAPK signaling,PlasmaAB140P-M14;PlasmaAB140P-M2;PlasmaAB140P-M7;PlasmaAB142P-M1;PlasmaGFAP-M1;PlasmaNfL-M1;PlasmaNfL-M6;PlasmaPTau181-M1;PlasmaPTau181-M33;PlasmapTau217-M5;PlasmapTau217_AB42Ratio-M1,TGF-beta signaling;PI3K-Akt|MAPK signaling;JAK-STAT signaling;Ambiguous;PI3K-Akt|JAK-STAT|MAPK signaling;Cytokine|JAK-STAT signaling;Hormone response,-0.20258720202785,1,0.6,0.0352994721940214
Merged,JTB,M16,ENSG00000143543,JTB.9038.12.3,Cadherin|Cell adhesion,PlasmaAB140P-M36;PlasmaAB142P-M13;PlasmaAB140P-M54;PlasmaAB142P-M15,Cadherin|Cell adhesion;Ambiguous;Cell adhesion,0.271439141270588,2,0.861,0.0351872172205182
Merged,ITGAV,M19,ENSG00000259207,ITGAV.ITGB3.20187.10.3,Focal adhesion|Integrins,PlasmaAB140P-M43;PlasmaAB142P-M14;PlasmaAB142P-M21,Integrins;Synapse|Focal adhesion;Focal adhesion|Integrins,-0.268032279466948,3.5,3.094,0.0349612956048071
Merged,ZW10,M11,ENSG00000086827,ZW10.25262.6.3,ER-Golgi transport,PlasmaAB140P-M25;PlasmaAB142P-M11;PlasmaPTau181-M29;PlasmaAB140P-M27;PlasmaPTau181-M6;Merged-M14,Golgi organization;ER-Golgi transport;ER-Golgi transport,-0.169972745243446,1.5,1.0955,0.0348555234489288
Merged,FGF20,M1,ENSG00000078579,FGF20.2763.66.2,PI3K-Akt|JAK-STAT|MAPK signaling,PlasmaAB140P-M14;PlasmaAB140P-M2;PlasmaAB140P-M7;PlasmaAB142P-M1;PlasmaGFAP-M1;PlasmaNfL-M1;PlasmaNfL-M6;PlasmaPTau181-M1;PlasmaPTau181-M33;PlasmapTau217-M5;PlasmapTau217_AB42Ratio-M1,TGF-beta signaling;PI3K-Akt|MAPK signaling;JAK-STAT signaling;Ambiguous;PI3K-Akt|JAK-STAT|MAPK signaling;Cytokine|JAK-STAT signaling;Hormone response,-0.235806999583933,7.5,5.304,0.0348456071970957
Merged,CREB3L4,M19,ENSG00000143578,CREB3L4.11308.8.3,Focal adhesion|Integrins,PlasmaAB140P-M43;PlasmaAB142P-M14;PlasmaAB142P-M21,Integrins;Synapse|Focal adhesion;Focal adhesion|Integrins,0.242092825179247,2,1.577,0.0348230251104919
PlasmaPTau181,CNTN3,M5,ENSG00000113805,CNTN3.20586.18.3,Dementia|HDL,PlasmaPTau181-M5,Dementia|HDL,-0.163810219028967,3,1.628,0.034752673891545
Merged,EDN2,M10,ENSG00000127129,EDN2.12574.36.3,Neuroactive ligand-receptor interaction,PlasmaNfL-M5;PlasmaPTau181-M17;PlasmaAB140P-M52;PlasmaAB140P-M49;PlasmaAB142P-M7;Merged-M17,Neuroactive ligand-receptor interaction|Antigen presentation;Neuroactive ligand-receptor interaction;Neuroactive ligand-receptor interaction,0.156493402629873,3.5,1.78,0.0347057078155409
Merged,B3GNT2,M18,ENSG00000170340,B3GNT2.7980.72.3,Glycosylation,PlasmaAB140P-M33;PlasmaNfL-M17;PlasmaPTau181-M21;Merged-M23,Glycosylation,-0.176914999592949,3,2.133,0.0345762384658986
Merged,INHBC,M1,ENSG00000175189,INHBC.6408.2.3,PI3K-Akt|JAK-STAT|MAPK signaling,PlasmaAB140P-M14;PlasmaAB140P-M2;PlasmaAB140P-M7;PlasmaAB142P-M1;PlasmaGFAP-M1;PlasmaNfL-M1;PlasmaNfL-M6;PlasmaPTau181-M1;PlasmaPTau181-M33;PlasmapTau217-M5;PlasmapTau217_AB42Ratio-M1,TGF-beta signaling;PI3K-Akt|MAPK signaling;JAK-STAT signaling;Ambiguous;PI3K-Akt|JAK-STAT|MAPK signaling;Cytokine|JAK-STAT signaling;Hormone response,0.156278375080209,2,1.424,0.0345295074300279
Merged,IK,M6,ENSG00000113141,IK.7207.4.3,RNA-binding,PlasmaAB140P-M10;PlasmaAB140P-M26;PlasmaAB142P-M9;PlasmaNfL-M16;PlasmaPTau181-M3;PlasmaGFAP-M7;Merged-M6,RNA-binding;Splicesosome;RNA-binding,0.15332488851298,3,2.462,0.034451196344469
Merged,SLITRK4,M32,ENSG00000179542,SLITRK4.7139.14.3,Synapse assembly,PlasmaGFAP-M5;PlasmaNfL-M42,Synapse assembly;Synapse assembly|Slitrk family,0.214958316799224,1,0.559,0.0343278008310018
Merged,RAET1L,M30,ENSG00000155918,RAET1L.20526.3.3,GPI-anchor synthesis,PlasmaAB140P-M31;PlasmaNfL-M35,GPI-anchor synthesis,0.235727410191578,3,1.2,0.034223262546584
Merged,PLS3,M29,ENSG00000102024,PLS3.25960.15.3,Actin dynamics,PlasmaAB140P-M39;PlasmaPTau181-M32,Actin binding;Actin filament,0.179696079563646,2,1.003,0.0341597355855527
Merged,C4A,M3,ENSG00000224389,C4A.C4B.4481.34.2,Complement cascade,PlasmaAB140P-M5;PlasmaAB142P-M2;PlasmaNfL-M19;PlasmaAB140P-M51;PlasmaAB142P-M37;PlasmaNfL-M4;PlasmapTau217_AB42Ratio-M2;Merged-M14;Merged-M7,Complement cascade;Complement cascade|Extracellular space;Ambiguous;Complement cascade,0.129983770969388,3,2.938,0.0340693627281342
Merged,VBP1,M20,ENSG00000155959,VBP1.19193.18.3,NFkB|APC/C degradation,PlasmaAB140P-M16;PlasmaAB142P-M23;PlasmaNfL-M24,NFkB|APC/C degradation,-0.229183389180617,3,1.664,0.0340630300720035
PlasmaAB140P,CDY1,M15,"",CDY1.7097.8.3,Fatty acid metabolic process,PlasmaAB140P-M15,Fatty acid metabolic process,-0.24695019216625,3,1.504,0.0340183068472813
Merged,TAT,M25,ENSG00000198650,TAT.22078.4.3,Amino acid metabolism,PlasmaAB140P-M34;PlasmaAB142P-M12,Amino acid metabolism,-0.189170190335173,2,1.948,0.0338149032531992
PlasmaAB140P,BCL2A1,M41,ENSG00000140379,BCL2A1.3413.50.2,Apoptosis modulation and signaling,PlasmaAB140P-M41,Apoptosis modulation and signaling,-0.263067768331336,3,2.384,0.0338062103592802
Merged,DKK4,M5,ENSG00000104371,DKK4.22959.32.3,Wnt signaling,PlasmaAB140P-M6;PlasmaAB142P-M6;PlasmaGFAP-M2;PlasmaNfL-M7;PlasmaPTau181-M11;PlasmapTau217-M2,Wnt signaling,0.216872464499434,8.5,5.617,0.0334825901016244
PlasmaAB142P,IGFBP4,M25,ENSG00000141753,IGFBP4.2950.57.2,Insulin growth factor binding,PlasmaAB142P-M25,Insulin growth factor binding,0.260568435127285,2,1.392,0.0334534807651361
Merged,EDIL3,M19,ENSG00000164176,EDIL3.9360.33.3,Focal adhesion|Integrins,PlasmaAB140P-M43;PlasmaAB142P-M14;PlasmaAB142P-M21,Integrins;Synapse|Focal adhesion;Focal adhesion|Integrins,-0.227614484058527,1,0.592,0.0332709498698724
Merged,BTNL3,M25,ENSG00000168903,BTNL3.10848.137.3,Amino acid metabolism,PlasmaAB140P-M34;PlasmaAB142P-M12,Amino acid metabolism,-0.209782974098369,1.5,0.7565,0.033146412909523
Merged,ST13,M7,ENSG00000100380,ST13.18387.7.3,Chaperone|Protein folding,PlasmaAB140P-M9;PlasmaPTau181-M2;PlasmaAB140P-M56;Merged-M7,Chaperone;Chaperone|Protein folding;Chaperonin TCP-1,0.161849532156741,5,3.456,0.0329561053930136
Merged,IL2RB,M1,ENSG00000100385,IL2RB.9343.16.3,PI3K-Akt|JAK-STAT|MAPK signaling,PlasmaAB140P-M14;PlasmaAB140P-M2;PlasmaAB140P-M7;PlasmaAB142P-M1;PlasmaGFAP-M1;PlasmaNfL-M1;PlasmaNfL-M6;PlasmaPTau181-M1;PlasmaPTau181-M33;PlasmapTau217-M5;PlasmapTau217_AB42Ratio-M1,TGF-beta signaling;PI3K-Akt|MAPK signaling;JAK-STAT signaling;Ambiguous;PI3K-Akt|JAK-STAT|MAPK signaling;Cytokine|JAK-STAT signaling;Hormone response,0.198940443793219,7,4.939,0.0328056596080922
Merged,SNRPD3,M6,ENSG00000100028,SNRPD3.17774.38.3,RNA-binding,PlasmaAB140P-M10;PlasmaAB140P-M26;PlasmaAB142P-M9;PlasmaNfL-M16;PlasmaPTau181-M3;PlasmaGFAP-M7;Merged-M6,RNA-binding;Splicesosome;RNA-binding,0.161645556587138,11,8.474,0.0327692035026558
PlasmaAB142P,UBE2G2,M26,ENSG00000184787,UBE2G2.9199.6.3,ERAD pathway,PlasmaAB142P-M26,ERAD pathway,0.217014870200391,1,0.831,0.032472691215477
Merged,MIA,M16,ENSG00000261857,MIA.2687.2.1,Cadherin|Cell adhesion,PlasmaAB140P-M36;PlasmaAB142P-M13;PlasmaAB140P-M54;PlasmaAB142P-M15,Cadherin|Cell adhesion;Ambiguous;Cell adhesion,0.201117698676673,2,0.949,0.0324052018932604
Merged,GPR37,M10,ENSG00000170775,GPR37.21495.134.3,Neuroactive ligand-receptor interaction,PlasmaNfL-M5;PlasmaPTau181-M17;PlasmaAB140P-M52;PlasmaAB140P-M49;PlasmaAB142P-M7;Merged-M17,Neuroactive ligand-receptor interaction|Antigen presentation;Neuroactive ligand-receptor interaction;Neuroactive ligand-receptor interaction,0.256487151606178,2,1.006,0.0323842371790635
Merged,CDHR3,M16,ENSG00000128536,CDHR3.8222.49.3,Cadherin|Cell adhesion,PlasmaAB140P-M36;PlasmaAB142P-M13;PlasmaAB140P-M54;PlasmaAB142P-M15,Cadherin|Cell adhesion;Ambiguous;Cell adhesion,-0.18764879586948,3.5,2.164,0.0322120562540739
PlasmaAB140P,SDCBP2,M18,ENSG00000125775,SDCBP2.19261.12.3,Tyrosine kinase receptor signaling,PlasmaAB140P-M18,Tyrosine kinase receptor signaling,0.184380248634998,1,0.548,0.0321140010753134
Merged,CFHR1,M3,ENSG00000244414,CFHR1.15468.14.3,Complement cascade,PlasmaAB140P-M5;PlasmaAB142P-M2;PlasmaNfL-M19;PlasmaAB140P-M51;PlasmaAB142P-M37;PlasmaNfL-M4;PlasmapTau217_AB42Ratio-M2;Merged-M14;Merged-M7,Complement cascade;Complement cascade|Extracellular space;Ambiguous;Complement cascade,-0.140368856676367,7,5.095,0.0320495463854526
Merged,PDXK,M17,ENSG00000160209,PDXK.11098.1.3,Cell cycle,PlasmaNfL-M12;PlasmaPTau181-M10;PlasmaABRatio-M3;Merged-M19,DNA repair;Cell cycle;Cell cycle|RHO GTPase,-0.209664973228001,1,0.787,0.0320461354481041
Merged,PKN1,M26,ENSG00000123143,PKN1.12562.1.3,RHO GTPase|Neurotrophin signaling,PlasmaAB140P-M12;PlasmaAB142P-M38,RHO GTPase|p75NTR signalling;Neurotrophin receptor,-0.213089188228754,4,3.564,0.0318689036168952
PlasmaNfL,VASN,M21,ENSG00000168140,VASN.5682.13.3,TGF-beta signaling,PlasmaNfL-M21,TGF-beta signaling,0.180635112220979,1,0.824,0.0316599976226701
PlasmaNfL,FGF12,M33,ENSG00000114279,FGF12.4392.54.2,Sodium channel regulator,PlasmaNfL-M33,Sodium channel regulator,-0.167624510858975,2,1.041,0.0312650271545516
Merged,ST6GAL2,M18,ENSG00000144057,ST6GAL2.21737.20.3,Glycosylation,PlasmaAB140P-M33;PlasmaNfL-M17;PlasmaPTau181-M21;Merged-M23,Glycosylation,0.124287290258411,2,1.908,0.0312416316022296
Merged,SLITRK1,M26,ENSG00000178235,SLITRK1.15539.15.3,RHO GTPase|Neurotrophin signaling,PlasmaAB140P-M12;PlasmaAB142P-M38,RHO GTPase|p75NTR signalling;Neurotrophin receptor,0.189346808879961,2,1.262,0.0311196546686589
PlasmaNfL,CRYL1,M22,ENSG00000165475,CRYL1.24643.21.3,Fatty acid beta-oxidation,PlasmaNfL-M22,Fatty acid beta-oxidation,-0.207245551573265,4,2.167,0.0310032576220255
PlasmaPTau181,NECAB3,M27,ENSG00000125967,NECAB3.23374.42.3,DNA repair,PlasmaPTau181-M27,DNA repair,0.135291334642355,2,0.88,0.030975016895375
Merged,APOE,M15,ENSG00000130203,APOE.5312.49.3,HDL,PlasmaAB140P-M3;PlasmaAB142P-M18,HDL,-0.134888480168006,12,11.538,0.0304816224006396
PlasmaAB140P,CHCHD10,M40,ENSG00000250479,CHCHD10.11270.17.3,Mitochondrial protein import,PlasmaAB140P-M40,Mitochondrial protein import,0.157693461674422,3,1.51,0.0304702880902015
PlasmaAB140P,MMACHC,M48,ENSG00000132763,MMACHC.20953.34.3,ATPase transmembrane transport,PlasmaAB140P-M48,ATPase transmembrane transport,-0.212062855169989,1,0.735,0.0302509730732401
Merged,CCT8,M7,ENSG00000156261,CCT8.12699.28.3,Chaperone|Protein folding,PlasmaAB140P-M9;PlasmaPTau181-M2;PlasmaAB140P-M56;Merged-M7,Chaperone;Chaperone|Protein folding;Chaperonin TCP-1,-0.215575454724897,2,1.994,0.0302187395954229
Merged,COL6A2,M13,ENSG00000142173,COL6A2.16753.46.3,Collagen,PlasmaAB142P-M17;PlasmaNfL-M10;PlasmaPTau181-M15;PlasmapTau217-M7;PlasmapTau217_AB42Ratio-M7,Collagen,0.159311707861041,5,3.861,0.0301887754693167
Merged,CKB,M9,ENSG00000104879,CKB.CKM.3714.49.2,Carbon metabolism,PlasmaAB140P-M8;PlasmaAB142P-M8;PlasmaABRatio-M2;PlasmaNfL-M40;PlasmaPTau181-M12;Merged-M12,Carbon metabolism|Gluconeogenesis;Carbon metabolism;Carbon metabolism|Glycolysis,-0.193614137547005,3.5,2.0555,0.0301743804419512
Merged,CX3CL1,M2,ENSG00000006210,CX3CL1.2827.23.2,Adaptive immunity|Immunoglobulins|Cytokines,PlasmaAB140P-M1;PlasmaAB142P-M20;PlasmaAB142P-M27;PlasmaAB142P-M3;PlasmaNfL-M34;PlasmaNfL-M38;PlasmaPTau181-M7;PlasmaAB140P-M53;PlasmaAB140P-M19;PlasmaPTau181-M9;PlasmapTau217-M4;Merged-M2,Cytokine signaling;Immunoglobulin;TNF receptor binding;Immunoglobulin;Immunoglobulin|TREM;Adaptive immunity|Immunoglobulin,0.223581174670162,10.5,7.0945,0.0301619689050667
Merged,CDH7,M16,ENSG00000081138,CDH7.7959.34.3,Cadherin|Cell adhesion,PlasmaAB140P-M36;PlasmaAB142P-M13;PlasmaAB140P-M54;PlasmaAB142P-M15,Cadherin|Cell adhesion;Ambiguous;Cell adhesion,-0.126554425074737,5,2.977,0.0300562409635292
Merged,HS3ST5,M14,ENSG00000249853,HS3ST5.10731.10.3,Neurexins|Neuroligins,PlasmaAB140P-M13;PlasmaAB142P-M10;PlasmaGFAP-M8;PlasmaNfL-M11,Neurexins|Neuroligins,-0.186167446109833,1,0.43,0.0299008015214474
Merged,INHBC,M1,ENSG00000175189,INHBC.15686.49.3,PI3K-Akt|JAK-STAT|MAPK signaling,PlasmaAB140P-M14;PlasmaAB140P-M2;PlasmaAB140P-M7;PlasmaAB142P-M1;PlasmaGFAP-M1;PlasmaNfL-M1;PlasmaNfL-M6;PlasmaPTau181-M1;PlasmaPTau181-M33;PlasmapTau217-M5;PlasmapTau217_AB42Ratio-M1,TGF-beta signaling;PI3K-Akt|MAPK signaling;JAK-STAT signaling;Ambiguous;PI3K-Akt|JAK-STAT|MAPK signaling;Cytokine|JAK-STAT signaling;Hormone response,0.190728791955365,1,0.905,0.0298905987412371
PlasmaNfL,STC1,M3,ENSG00000159167,STC1.4930.21.1,Extracellular space,PlasmaNfL-M3,Extracellular space,0.204561886503803,2,1.089,0.0298464791877723
Merged,CLSTN3,M14,ENSG00000139182,CLSTN3.6291.55.3,Neurexins|Neuroligins,PlasmaAB140P-M13;PlasmaAB142P-M10;PlasmaGFAP-M8;PlasmaNfL-M11,Neurexins|Neuroligins,0.245142069570125,2,1.177,0.0297607688275192
Merged,SPINK6,M28,ENSG00000178172,SPINK6.5731.1.3,Serine protease inhibitor,PlasmaAB142P-M22;PlasmaNfL-M23,Serine protease inhibitor,0.146416739686361,3,1.761,0.0297085675035464
Merged,DSTN,M1,ENSG00000125868,DSTN.18883.4.3,PI3K-Akt|JAK-STAT|MAPK signaling,PlasmaAB140P-M14;PlasmaAB140P-M2;PlasmaAB140P-M7;PlasmaAB142P-M1;PlasmaGFAP-M1;PlasmaNfL-M1;PlasmaNfL-M6;PlasmaPTau181-M1;PlasmaPTau181-M33;PlasmapTau217-M5;PlasmapTau217_AB42Ratio-M1,TGF-beta signaling;PI3K-Akt|MAPK signaling;JAK-STAT signaling;Ambiguous;PI3K-Akt|JAK-STAT|MAPK signaling;Cytokine|JAK-STAT signaling;Hormone response,-0.246072492207375,1,0.531,0.0296557308879151
Merged,FSCN1,M16,ENSG00000075618,FSCN1.24226.30.3,Cadherin|Cell adhesion,PlasmaAB140P-M36;PlasmaAB142P-M13;PlasmaAB140P-M54;PlasmaAB142P-M15,Cadherin|Cell adhesion;Ambiguous;Cell adhesion,0.17296804759834,3,1.683,0.0295888837719955
Merged,PTPRU,M5,ENSG00000060656,PTPRU.8337.65.3,Wnt signaling,PlasmaAB140P-M6;PlasmaAB142P-M6;PlasmaGFAP-M2;PlasmaNfL-M7;PlasmaPTau181-M11;PlasmapTau217-M2,Wnt signaling,-0.177154614837275,1,0.629,0.0295453227940692
Merged,APOBEC2,M15,ENSG00000124701,APOBEC2.24647.3.3,HDL,PlasmaAB140P-M3;PlasmaAB142P-M18,HDL,0.211235487125305,1,0.86,0.0293865248338608
Merged,CLU,M15,ENSG00000120885,CLU.4542.24.2,HDL,PlasmaAB140P-M3;PlasmaAB142P-M18,HDL,-0.217740070141471,6,5.254,0.0293834335502632
Merged,TEAD4,M35,ENSG00000197905,TEAD4.12516.13.3,Hippo signaling,PlasmaAB140P-M46;PlasmaNfL-M30,Hippo signaling,0.211726740679413,1.5,0.9465,0.0291228602343885
Merged,IL4,M1,ENSG00000113520,IL4.2906.55.3,PI3K-Akt|JAK-STAT|MAPK signaling,PlasmaAB140P-M14;PlasmaAB140P-M2;PlasmaAB140P-M7;PlasmaAB142P-M1;PlasmaGFAP-M1;PlasmaNfL-M1;PlasmaNfL-M6;PlasmaPTau181-M1;PlasmaPTau181-M33;PlasmapTau217-M5;PlasmapTau217_AB42Ratio-M1,TGF-beta signaling;PI3K-Akt|MAPK signaling;JAK-STAT signaling;Ambiguous;PI3K-Akt|JAK-STAT|MAPK signaling;Cytokine|JAK-STAT signaling;Hormone response,-0.179652289819386,8,6.052,0.0290231769853231
Merged,ATP5PO,M12,ENSG00000241837,ATP5PO.9202.309.3,Translation,PlasmaAB140P-M32;PlasmaAB142P-M5;PlasmaAB140P-M42;PlasmaNfL-M8;PlasmaPTau181-M34;Merged-M27;Merged-M16,Translation;Nucleolus|Translation,-0.242985733834397,4,2.799,0.0288470400496057
Merged,ST3GAL1,M3,ENSG00000008513,ST3GAL1.5657.28.3,Complement cascade,PlasmaAB140P-M5;PlasmaAB142P-M2;PlasmaNfL-M19;PlasmaAB140P-M51;PlasmaAB142P-M37;PlasmaNfL-M4;PlasmapTau217_AB42Ratio-M2;Merged-M14;Merged-M7,Complement cascade;Complement cascade|Extracellular space;Ambiguous;Complement cascade,-0.163609211746906,2,1.397,0.0286700471416571
Merged,C1D,M12,ENSG00000197223,C1D.7821.6.3,Translation,PlasmaAB140P-M32;PlasmaAB142P-M5;PlasmaAB140P-M42;PlasmaNfL-M8;PlasmaPTau181-M34;Merged-M27;Merged-M16,Translation;Nucleolus|Translation,0.20151591254199,2.5,1.408,0.0286641994676544
Merged,EGLN2,M19,ENSG00000269858,EGLN2.24674.22.3,Focal adhesion|Integrins,PlasmaAB140P-M43;PlasmaAB142P-M14;PlasmaAB142P-M21,Integrins;Synapse|Focal adhesion;Focal adhesion|Integrins,0.210436708554231,1,0.901,0.0286581163690014
PlasmaAB140P,ABCD4,M48,ENSG00000119688,ABCD4.25886.11.3,ATPase transmembrane transport,PlasmaAB140P-M48,ATPase transmembrane transport,-0.153212187575313,3,1.883,0.0285563332806249
Merged,MOB4,M7,ENSG00000115540,MOB4.19332.1.3,Chaperone|Protein folding,PlasmaAB140P-M9;PlasmaPTau181-M2;PlasmaAB140P-M56;Merged-M7,Chaperone;Chaperone|Protein folding;Chaperonin TCP-1,-0.140319832872515,3,2.535,0.0284216685399166
Merged,FABP1,M3,ENSG00000163586,FABP1.11516.7.3,Complement cascade,PlasmaAB140P-M5;PlasmaAB142P-M2;PlasmaNfL-M19;PlasmaAB140P-M51;PlasmaAB142P-M37;PlasmaNfL-M4;PlasmapTau217_AB42Ratio-M2;Merged-M14;Merged-M7,Complement cascade;Complement cascade|Extracellular space;Ambiguous;Complement cascade,0.173834233116674,8,4.853,0.028402051774764
Merged,PLAT,M3,ENSG00000104368,PLAT.2212.69.1,Complement cascade,PlasmaAB140P-M5;PlasmaAB142P-M2;PlasmaNfL-M19;PlasmaAB140P-M51;PlasmaAB142P-M37;PlasmaNfL-M4;PlasmapTau217_AB42Ratio-M2;Merged-M14;Merged-M7,Complement cascade;Complement cascade|Extracellular space;Ambiguous;Complement cascade,-0.180474164958081,3,2.103,0.028383991891243
PlasmaAB142P,PPP1R1A,M36,ENSG00000135447,PPP1R1A.17706.4.3,Protein phosphatase,PlasmaAB142P-M36,Protein phosphatase,0.240048431910528,1,0.918,0.0280775048712205
PlasmaAB140P,S100A10,M44,ENSG00000197747,S100A10.15318.75.3,Calcium-dependent protein binding,PlasmaAB140P-M44,Calcium-dependent protein binding,0.175030377039212,3,2.253,0.0280211203338907
PlasmaNfL,REN,M3,ENSG00000143839,REN.3396.54.2,Extracellular space,PlasmaNfL-M3,Extracellular space,0.152363813100344,5,2.779,0.0280114565031115
PlasmaAB142P,ERLEC1,M26,ENSG00000068912,ERLEC1.8957.72.3,ERAD pathway,PlasmaAB142P-M26,ERAD pathway,0.239530137608661,3,2.017,0.0279417184562108
PlasmaAB140P,CD274,M24,ENSG00000120217,CD274.5060.62.3,Negative regulation of IFNg,PlasmaAB140P-M24,Negative regulation of IFNg,0.130154902440968,5,4.192,0.0279302089874241
Merged,PHF11,M2,ENSG00000136147,PHF11.22528.1.3,Adaptive immunity|Immunoglobulins|Cytokines,PlasmaAB140P-M1;PlasmaAB142P-M20;PlasmaAB142P-M27;PlasmaAB142P-M3;PlasmaNfL-M34;PlasmaNfL-M38;PlasmaPTau181-M7;PlasmaAB140P-M53;PlasmaAB140P-M19;PlasmaPTau181-M9;PlasmapTau217-M4;Merged-M2,Cytokine signaling;Immunoglobulin;TNF receptor binding;Immunoglobulin;Immunoglobulin|TREM;Adaptive immunity|Immunoglobulin,0.134276161533401,1,0.527,0.0278284836047639
Merged,BCL2A1,M19,ENSG00000140379,BCL2A1.3413.50.2,Focal adhesion|Integrins,PlasmaAB140P-M43;PlasmaAB142P-M14;PlasmaAB142P-M21,Integrins;Synapse|Focal adhesion;Focal adhesion|Integrins,-0.238814013709842,2,0.873,0.0277541032411233
PlasmaAB140P,BID,M41,ENSG00000015475,BID.5798.3.3,Apoptosis modulation and signaling,PlasmaAB140P-M41,Apoptosis modulation and signaling,0.184402617675164,3,2.444,0.0277013287623614
Merged,AGRP,M10,ENSG00000159723,AGRP.2813.11.2,Neuroactive ligand-receptor interaction,PlasmaNfL-M5;PlasmaPTau181-M17;PlasmaAB140P-M52;PlasmaAB140P-M49;PlasmaAB142P-M7;Merged-M17,Neuroactive ligand-receptor interaction|Antigen presentation;Neuroactive ligand-receptor interaction;Neuroactive ligand-receptor interaction,0.234419404243259,1,0.839,0.0273408957602365
Merged,LRRN1,M32,ENSG00000175928,LRRN1.11293.14.3,Synapse assembly,PlasmaGFAP-M5;PlasmaNfL-M42,Synapse assembly;Synapse assembly|Slitrk family,0.175164720909561,1,0.485,0.0268975746676207
Merged,SLC14A2,M10,ENSG00000132874,SLC14A2.12818.159.3,Neuroactive ligand-receptor interaction,PlasmaNfL-M5;PlasmaPTau181-M17;PlasmaAB140P-M52;PlasmaAB140P-M49;PlasmaAB142P-M7;Merged-M17,Neuroactive ligand-receptor interaction|Antigen presentation;Neuroactive ligand-receptor interaction;Neuroactive ligand-receptor interaction,0.166739067098923,1,0.559,0.0266569561108104
Merged,IL20,M1,ENSG00000162891,IL20.4138.25.2,PI3K-Akt|JAK-STAT|MAPK signaling,PlasmaAB140P-M14;PlasmaAB140P-M2;PlasmaAB140P-M7;PlasmaAB142P-M1;PlasmaGFAP-M1;PlasmaNfL-M1;PlasmaNfL-M6;PlasmaPTau181-M1;PlasmaPTau181-M33;PlasmapTau217-M5;PlasmapTau217_AB42Ratio-M1,TGF-beta signaling;PI3K-Akt|MAPK signaling;JAK-STAT signaling;Ambiguous;PI3K-Akt|JAK-STAT|MAPK signaling;Cytokine|JAK-STAT signaling;Hormone response,-0.196806308171919,1,0.919,0.02650348163507
Merged,APOA1,M15,ENSG00000118137,APOA1.2750.3.2,HDL,PlasmaAB140P-M3;PlasmaAB142P-M18,HDL,-0.162298099794187,13,12.531,0.0263912572474035
Merged,TREM1,M19,ENSG00000124731,TREM1.9266.1.3,Focal adhesion|Integrins,PlasmaAB140P-M43;PlasmaAB142P-M14;PlasmaAB142P-M21,Integrins;Synapse|Focal adhesion;Focal adhesion|Integrins,0.233270722650711,1,0.954,0.0263018325571445
Merged,NCR1,M2,ENSG00000189430,NCR1.8360.169.3,Adaptive immunity|Immunoglobulins|Cytokines,PlasmaAB140P-M1;PlasmaAB142P-M20;PlasmaAB142P-M27;PlasmaAB142P-M3;PlasmaNfL-M34;PlasmaNfL-M38;PlasmaPTau181-M7;PlasmaAB140P-M53;PlasmaAB140P-M19;PlasmaPTau181-M9;PlasmapTau217-M4;Merged-M2,Cytokine signaling;Immunoglobulin;TNF receptor binding;Immunoglobulin;Immunoglobulin|TREM;Adaptive immunity|Immunoglobulin,0.206017140020389,10,6.49,0.0261039716309236
PlasmaAB140P,ETNK2,M35,ENSG00000143845,ETNK2.21379.30.3,K48-dependent protein binding,PlasmaAB140P-M35,K48-dependent protein binding,-0.156365569304683,1,0.44,0.0260295272215069
PlasmaPTau181,BCDIN3D,M23,ENSG00000186666,BCDIN3D.21115.48.3,Dendrite,PlasmaPTau181-M23,Dendrite,-0.153980378130398,1,0.571,0.0257456352082621
Merged,GRP,M10,ENSG00000134443,GRP.5897.58.3,Neuroactive ligand-receptor interaction,PlasmaNfL-M5;PlasmaPTau181-M17;PlasmaAB140P-M52;PlasmaAB140P-M49;PlasmaAB142P-M7;Merged-M17,Neuroactive ligand-receptor interaction|Antigen presentation;Neuroactive ligand-receptor interaction;Neuroactive ligand-receptor interaction,0.153918882231291,3,2.338,0.0256892867945049
Merged,SPINK14,M28,ENSG00000196800,SPINK14.8587.21.3,Serine protease inhibitor,PlasmaAB142P-M22;PlasmaNfL-M23,Serine protease inhibitor,0.204869144748987,1.5,0.7095,0.0256028528366562
Merged,SOSTDC1,M27,ENSG00000171243,SOSTDC1.8237.56.3,BMP signaling,PlasmaNfL-M15;PlasmaPTau181-M31,BMP signaling,-0.139756356428446,2,0.993,0.0252593315065881
PlasmaAB140P,GCNT1,M38,ENSG00000187210,GCNT1.7016.12.3,O-glycan processing,PlasmaAB140P-M38,O-glycan processing,-0.127856044619784,3,2.878,0.0251790634628086
Merged,KERA,M18,ENSG00000139330,KERA.10758.2.3,Glycosylation,PlasmaAB140P-M33;PlasmaNfL-M17;PlasmaPTau181-M21;Merged-M23,Glycosylation,-0.166428390795132,2.5,1.0995,0.0250970599294403
PlasmaAB142P,PDE4C,M34,ENSG00000285188,PDE4C.20221.26.3,Secretin receptor,PlasmaAB142P-M34,Secretin receptor,0.211211385064163,1,0.421,0.0249221545869418
PlasmaAB140P,S100A16,M44,ENSG00000188643,S100A16.17836.17.3,Calcium-dependent protein binding,PlasmaAB140P-M44,Calcium-dependent protein binding,0.22342341250691,2,1.515,0.0248593388488047
Merged,RHOB,M26,ENSG00000143878,RHOB.18166.4.3,RHO GTPase|Neurotrophin signaling,PlasmaAB140P-M12;PlasmaAB142P-M38,RHO GTPase|p75NTR signalling;Neurotrophin receptor,0.172430755694744,8,5.56,0.0248246556151315
Merged,CYTH4,M12,ENSG00000100055,CYTH4.12746.4.3,Translation,PlasmaAB140P-M32;PlasmaAB142P-M5;PlasmaAB140P-M42;PlasmaNfL-M8;PlasmaPTau181-M34;Merged-M27;Merged-M16,Translation;Nucleolus|Translation,-0.186981315862129,2,1.171,0.0246751565332134
PlasmaAB142P,ENPEP,M29,ENSG00000138792,ENPEP.15558.63.3,Aminopeptidase,PlasmaAB142P-M29,Aminopeptidase,-0.190428808707707,3,1.529,0.024458211427485
Merged,TMEM154,M15,ENSG00000170006,TMEM154.11223.1.3,HDL,PlasmaAB140P-M3;PlasmaAB142P-M18,HDL,-0.206342468322375,1,0.408,0.0244572336922603
Merged,COTL1,M29,ENSG00000103187,COTL1.4905.63.1,Actin dynamics,PlasmaAB140P-M39;PlasmaPTau181-M32,Actin binding;Actin filament,-0.164161710101368,2,0.918,0.024431075734582
PlasmaAB142P,ITLN1,M31,ENSG00000179914,ITLN1.18830.1.3,Resistin,PlasmaAB142P-M31,Resistin,0.183221723815531,3,2.068,0.0242620901395559
PlasmaNfL,INHBC,M21,ENSG00000175189,INHBC.6408.2.3,TGF-beta signaling,PlasmaNfL-M21,TGF-beta signaling,-0.160173803595237,1,0.911,0.024120669001193
Merged,MANEA,M4,ENSG00000172469,MANEA.8014.359.3,Ephrin signaling,PlasmaAB140P-M4;PlasmaAB142P-M4;PlasmaGFAP-M3;PlasmaNfL-M2;PlasmaPTau181-M14;PlasmapTau217-M6,Ephrin signaling,0.190882279827103,3,1.248,0.0239499631982252
Merged,B4GALT6,M18,ENSG00000118276,B4GALT6.10832.24.3,Glycosylation,PlasmaAB140P-M33;PlasmaNfL-M17;PlasmaPTau181-M21;Merged-M23,Glycosylation,-0.188923519462994,2,1.0655,0.0239249974032047
Merged,TXNL4A,M6,ENSG00000141759,TXNL4A.21651.9.3,RNA-binding,PlasmaAB140P-M10;PlasmaAB140P-M26;PlasmaAB142P-M9;PlasmaNfL-M16;PlasmaPTau181-M3;PlasmaGFAP-M7;Merged-M6,RNA-binding;Splicesosome;RNA-binding,0.146551565562976,5,4.146,0.023865025442282
PlasmaAB140P,CHGA,M28,ENSG00000100604,CHGA.8476.11.3,Chromagranin,PlasmaAB140P-M28,Chromagranin,0.217955164163033,4,2.871,0.0236252737643143
Merged,MCTS1,M12,ENSG00000232119,MCTS1.12488.9.3,Translation,PlasmaAB140P-M32;PlasmaAB142P-M5;PlasmaAB140P-M42;PlasmaNfL-M8;PlasmaPTau181-M34;Merged-M27;Merged-M16,Translation;Nucleolus|Translation,0.221589575656939,3.5,2.897,0.0231779440437789
Merged,CMPK1,M12,ENSG00000162368,CMPK1.8312.139.3,Translation,PlasmaAB140P-M32;PlasmaAB142P-M5;PlasmaAB140P-M42;PlasmaNfL-M8;PlasmaPTau181-M34;Merged-M27;Merged-M16,Translation;Nucleolus|Translation,0.192515132024832,3,1.561,0.023136170776439
Merged,NET1,M26,ENSG00000173848,NET1.14260.112.3,RHO GTPase|Neurotrophin signaling,PlasmaAB140P-M12;PlasmaAB142P-M38,RHO GTPase|p75NTR signalling;Neurotrophin receptor,0.183115789375322,3,2.297,0.0230487622311909
PlasmaAB142P,ADM,M34,ENSG00000148926,ADM.7922.5.3,Secretin receptor,PlasmaAB142P-M34,Secretin receptor,0.143560542876179,2,1.889,0.0229954796248318
Merged,CATIP,M13,ENSG00000158428,CATIP.25242.12.3,Collagen,PlasmaAB142P-M17;PlasmaNfL-M10;PlasmaPTau181-M15;PlasmapTau217-M7;PlasmapTau217_AB42Ratio-M7,Collagen,0.220463434739979,1,0.461,0.0229464884888597
PlasmaAB142P,ATF6,M26,ENSG00000118217,ATF6.11277.23.3,ERAD pathway,PlasmaAB142P-M26,ERAD pathway,-0.147195924866129,2,1.334,0.0228518393809021
Merged,CHGA,M10,ENSG00000100604,CHGA.8476.11.3,Neuroactive ligand-receptor interaction,PlasmaNfL-M5;PlasmaPTau181-M17;PlasmaAB140P-M52;PlasmaAB140P-M49;PlasmaAB142P-M7;Merged-M17,Neuroactive ligand-receptor interaction|Antigen presentation;Neuroactive ligand-receptor interaction;Neuroactive ligand-receptor interaction,0.189926685932403,5,3.47,0.0226825242762546
Merged,NPY,M10,ENSG00000122585,NPY.20590.13.3,Neuroactive ligand-receptor interaction,PlasmaNfL-M5;PlasmaPTau181-M17;PlasmaAB140P-M52;PlasmaAB140P-M49;PlasmaAB142P-M7;Merged-M17,Neuroactive ligand-receptor interaction|Antigen presentation;Neuroactive ligand-receptor interaction;Neuroactive ligand-receptor interaction,-0.186249344908402,3,2.473,0.0224761752025102
PlasmaAB140P,SLC25A18,M38,ENSG00000182902,SLC25A18.5280.68.5,O-glycan processing,PlasmaAB140P-M38,O-glycan processing,-0.180974318333255,1,0.795,0.0222228870245442
PlasmaPTau181,RFNG,M13,ENSG00000169733,RFNG.7203.125.3,Histone methyltransferase,PlasmaPTau181-M13,Histone methyltransferase,-0.150101638573572,1,0.936,0.0221915637241756
Merged,TGFBR3,M1,ENSG00000069702,TGFBR3.3009.3.2,PI3K-Akt|JAK-STAT|MAPK signaling,PlasmaAB140P-M14;PlasmaAB140P-M2;PlasmaAB140P-M7;PlasmaAB142P-M1;PlasmaGFAP-M1;PlasmaNfL-M1;PlasmaNfL-M6;PlasmaPTau181-M1;PlasmaPTau181-M33;PlasmapTau217-M5;PlasmapTau217_AB42Ratio-M1,TGF-beta signaling;PI3K-Akt|MAPK signaling;JAK-STAT signaling;Ambiguous;PI3K-Akt|JAK-STAT|MAPK signaling;Cytokine|JAK-STAT signaling;Hormone response,0.217002726393086,2.5,1.728,0.0221171100474796
Merged,NTRK2,M26,ENSG00000148053,NTRK2.4866.59.2,RHO GTPase|Neurotrophin signaling,PlasmaAB140P-M12;PlasmaAB142P-M38,RHO GTPase|p75NTR signalling;Neurotrophin receptor,-0.216883972030753,3,2.174,0.0220087154761218
Merged,CDH11,M16,ENSG00000140937,CDH11.9604.14.3,Cadherin|Cell adhesion,PlasmaAB140P-M36;PlasmaAB142P-M13;PlasmaAB140P-M54;PlasmaAB142P-M15,Cadherin|Cell adhesion;Ambiguous;Cell adhesion,0.196943578128087,4,2.3885,0.0220056780630097
Merged,GFRA1,M26,ENSG00000151892,GFRA1.3314.74.2,RHO GTPase|Neurotrophin signaling,PlasmaAB140P-M12;PlasmaAB142P-M38,RHO GTPase|p75NTR signalling;Neurotrophin receptor,0.189888654086222,2,1.131,0.0217547867698899
Merged,C3,M3,ENSG00000125730,C3.4900.8.1,Complement cascade,PlasmaAB140P-M5;PlasmaAB142P-M2;PlasmaNfL-M19;PlasmaAB140P-M51;PlasmaAB142P-M37;PlasmaNfL-M4;PlasmapTau217_AB42Ratio-M2;Merged-M14;Merged-M7,Complement cascade;Complement cascade|Extracellular space;Ambiguous;Complement cascade,-0.193512574742345,5.66666666666667,5.144,0.0215213737830416
Merged,BMP6,M27,ENSG00000153162,BMP6.3736.60.3,BMP signaling,PlasmaNfL-M15;PlasmaPTau181-M31,BMP signaling,-0.15178057175912,5,3.185,0.0215024302237926
Merged,FGF22,M1,ENSG00000070388,FGF22.9513.9.3,PI3K-Akt|JAK-STAT|MAPK signaling,PlasmaAB140P-M14;PlasmaAB140P-M2;PlasmaAB140P-M7;PlasmaAB142P-M1;PlasmaGFAP-M1;PlasmaNfL-M1;PlasmaNfL-M6;PlasmaPTau181-M1;PlasmaPTau181-M33;PlasmapTau217-M5;PlasmapTau217_AB42Ratio-M1,TGF-beta signaling;PI3K-Akt|MAPK signaling;JAK-STAT signaling;Ambiguous;PI3K-Akt|JAK-STAT|MAPK signaling;Cytokine|JAK-STAT signaling;Hormone response,-0.162329804088233,7,4.563,0.0214963548351838
PlasmaNfL,AMY2B,M3,ENSG00000240038,AMY2B.10439.57.3,Extracellular space,PlasmaNfL-M3,Extracellular space,0.165574681298684,3,2.069,0.0213053694809113
Merged,CUL3,M24,ENSG00000036257,CUL3.10045.47.3,Neddylation,PlasmaAB140P-M30;PlasmaPTau181-M22;PlasmapTau217_AB42Ratio-M4,Neddylation,-0.207059651743373,4,3.801,0.0211663928559903
PlasmaAB140P,S100A3,M44,ENSG00000188015,S100A3.15297.3.3,Calcium-dependent protein binding,PlasmaAB140P-M44,Calcium-dependent protein binding,0.171048862797435,2,1.544,0.021147367222652
Merged,BTN2A1,M25,ENSG00000112763,BTN2A1.8869.5.3,Amino acid metabolism,PlasmaAB140P-M34;PlasmaAB142P-M12,Amino acid metabolism,0.171508421903318,2,0.961,0.0210892152573026
Merged,PCDH10,M14,ENSG00000138650,PCDH10.9018.38.3,Neurexins|Neuroligins,PlasmaAB140P-M13;PlasmaAB142P-M10;PlasmaGFAP-M8;PlasmaNfL-M11,Neurexins|Neuroligins,0.208031901723168,1,0.474,0.0209482010526826
Merged,CEACAM4,M2,ENSG00000105352,CEACAM4.10910.6.3,Adaptive immunity|Immunoglobulins|Cytokines,PlasmaAB140P-M1;PlasmaAB142P-M20;PlasmaAB142P-M27;PlasmaAB142P-M3;PlasmaNfL-M34;PlasmaNfL-M38;PlasmaPTau181-M7;PlasmaAB140P-M53;PlasmaAB140P-M19;PlasmaPTau181-M9;PlasmapTau217-M4;Merged-M2,Cytokine signaling;Immunoglobulin;TNF receptor binding;Immunoglobulin;Immunoglobulin|TREM;Adaptive immunity|Immunoglobulin,0.205286388020003,2,0.902,0.0207662056828794
Merged,B4GALT2,M18,ENSG00000117411,B4GALT2.9595.11.3,Glycosylation,PlasmaAB140P-M33;PlasmaNfL-M17;PlasmaPTau181-M21;Merged-M23,Glycosylation,-0.185706574379266,4,3.338,0.0207502917046171
Merged,DMC1,M17,ENSG00000100206,DMC1.23341.16.3,Cell cycle,PlasmaNfL-M12;PlasmaPTau181-M10;PlasmaABRatio-M3;Merged-M19,DNA repair;Cell cycle;Cell cycle|RHO GTPase,-0.158024031861386,2.5,1.3075,0.0206726559513465
Merged,GUCA2B,M10,ENSG00000044012,GUCA2B.6223.5.3,Neuroactive ligand-receptor interaction,PlasmaNfL-M5;PlasmaPTau181-M17;PlasmaAB140P-M52;PlasmaAB140P-M49;PlasmaAB142P-M7;Merged-M17,Neuroactive ligand-receptor interaction|Antigen presentation;Neuroactive ligand-receptor interaction;Neuroactive ligand-receptor interaction,0.170094540078065,2,1.087,0.0206578657587769
Merged,ALPL,M30,ENSG00000162551,ALPL.16926.44.3,GPI-anchor synthesis,PlasmaAB140P-M31;PlasmaNfL-M35,GPI-anchor synthesis,0.133723242203779,4,1.685,0.0203999043057404
Merged,SERPINA6,M3,ENSG00000170099,SERPINA6.4785.30.3,Complement cascade,PlasmaAB140P-M5;PlasmaAB142P-M2;PlasmaNfL-M19;PlasmaAB140P-M51;PlasmaAB142P-M37;PlasmaNfL-M4;PlasmapTau217_AB42Ratio-M2;Merged-M14;Merged-M7,Complement cascade;Complement cascade|Extracellular space;Ambiguous;Complement cascade,-0.136138308104629,3,1.352,0.0200618284172777
PlasmaAB140P,CDCP1,M18,ENSG00000163814,CDCP1.8589.13.3,Tyrosine kinase receptor signaling,PlasmaAB140P-M18,Tyrosine kinase receptor signaling,0.202061878286225,3,2.269,0.02003850375224
Merged,ALPI,M30,ENSG00000163295,ALPI.10463.23.3,GPI-anchor synthesis,PlasmaAB140P-M31;PlasmaNfL-M35,GPI-anchor synthesis,0.176693286813434,4,2.022,0.0199992422044338
PlasmaAB142P,CALCB,M34,ENSG00000175868,CALCB.17170.15.3,Secretin receptor,PlasmaAB142P-M34,Secretin receptor,0.172522952944714,2,1.886,0.0197397353852954
Merged,PEA15,M2,ENSG00000162734,PEA15.18833.76.3,Adaptive immunity|Immunoglobulins|Cytokines,PlasmaAB140P-M1;PlasmaAB142P-M20;PlasmaAB142P-M27;PlasmaAB142P-M3;PlasmaNfL-M34;PlasmaNfL-M38;PlasmaPTau181-M7;PlasmaAB140P-M53;PlasmaAB140P-M19;PlasmaPTau181-M9;PlasmapTau217-M4;Merged-M2,Cytokine signaling;Immunoglobulin;TNF receptor binding;Immunoglobulin;Immunoglobulin|TREM;Adaptive immunity|Immunoglobulin,0.193016784274194,1.5,0.6835,0.0196865293729955
PlasmaNfL,HSPA6,M26,ENSG00000173110,HSPA6.20213.82.3,Heat shock protein,PlasmaNfL-M26,Heat shock protein,-0.180696500411081,3,2.231,0.0195594414082331
PlasmaPTau181,EIF4EBP1,M24,ENSG00000187840,EIF4EBP1.17372.5.3,AMPK signaling,PlasmaPTau181-M24,AMPK signaling,-0.127373604351166,4,2.929,0.019323728677094
Merged,TREML2,M19,ENSG00000112195,TREML2.5736.1.3,Focal adhesion|Integrins,PlasmaAB140P-M43;PlasmaAB142P-M14;PlasmaAB142P-M21,Integrins;Synapse|Focal adhesion;Focal adhesion|Integrins,0.142308853334659,2,1.368,0.0193120130864998
PlasmaAB140P,NT5E,M50,ENSG00000135318,NT5E.6993.8.3,Nucleotide metabolism,PlasmaAB140P-M50,Nucleotide metabolism,0.162725579201752,3,2.38,0.0191996164980492
Merged,IL16,M2,ENSG00000172349,IL16.2774.10.3,Adaptive immunity|Immunoglobulins|Cytokines,PlasmaAB140P-M1;PlasmaAB142P-M20;PlasmaAB142P-M27;PlasmaAB142P-M3;PlasmaNfL-M34;PlasmaNfL-M38;PlasmaPTau181-M7;PlasmaAB140P-M53;PlasmaAB140P-M19;PlasmaPTau181-M9;PlasmapTau217-M4;Merged-M2,Cytokine signaling;Immunoglobulin;TNF receptor binding;Immunoglobulin;Immunoglobulin|TREM;Adaptive immunity|Immunoglobulin,0.205579633090631,3,1.624,0.0190471246324557
Merged,C4BPA,M3,ENSG00000123838,C4BPA.9449.150.3,Complement cascade,PlasmaAB140P-M5;PlasmaAB142P-M2;PlasmaNfL-M19;PlasmaAB140P-M51;PlasmaAB142P-M37;PlasmaNfL-M4;PlasmapTau217_AB42Ratio-M2;Merged-M14;Merged-M7,Complement cascade;Complement cascade|Extracellular space;Ambiguous;Complement cascade,0.139723944170656,3,2.259,0.0190418689835945
Merged,CD300LG,M2,ENSG00000161649,CD300LG.20585.5.3,Adaptive immunity|Immunoglobulins|Cytokines,PlasmaAB140P-M1;PlasmaAB142P-M20;PlasmaAB142P-M27;PlasmaAB142P-M3;PlasmaNfL-M34;PlasmaNfL-M38;PlasmaPTau181-M7;PlasmaAB140P-M53;PlasmaAB140P-M19;PlasmaPTau181-M9;PlasmapTau217-M4;Merged-M2,Cytokine signaling;Immunoglobulin;TNF receptor binding;Immunoglobulin;Immunoglobulin|TREM;Adaptive immunity|Immunoglobulin,0.1527038283537,4,2.046,0.0189461397807299
Merged,C7,M15,ENSG00000112936,C7.2888.49.2,HDL,PlasmaAB140P-M3;PlasmaAB142P-M18,HDL,-0.162255651192072,1,0.847,0.0185715215794083
Merged,COLGALT1,M13,ENSG00000130309,COLGALT1.5638.23.3,Collagen,PlasmaAB142P-M17;PlasmaNfL-M10;PlasmaPTau181-M15;PlasmapTau217-M7;PlasmapTau217_AB42Ratio-M7,Collagen,-0.178368073562455,6,3.651,0.0185557863713672
PlasmaGFAP,AFM,M4,ENSG00000079557,AFM.4763.31.3,Extracellular exosome,PlasmaGFAP-M4,Extracellular exosome,-0.169409663756778,3,1.655,0.0184115716296722
Merged,REN,M3,ENSG00000143839,REN.3396.54.2,Complement cascade,PlasmaAB140P-M5;PlasmaAB142P-M2;PlasmaNfL-M19;PlasmaAB140P-M51;PlasmaAB142P-M37;PlasmaNfL-M4;PlasmapTau217_AB42Ratio-M2;Merged-M14;Merged-M7,Complement cascade;Complement cascade|Extracellular space;Ambiguous;Complement cascade,0.142250253956415,5.5,3.2365,0.018260190660645
Merged,MMP10,M33,ENSG00000166670,MMP10.10479.18.3,Matrix metalloprotease,PlasmaAB140P-M47;PlasmaNfL-M31,Matrix metalloprotease,0.131524219129976,2,1.393,0.0181079146220596
PlasmaAB140P,ST6GALNAC1,M38,ENSG00000070526,ST6GALNAC1.7867.154.3,O-glycan processing,PlasmaAB140P-M38,O-glycan processing,0.193501570940734,4,3.657,0.0181066279954621
Merged,NXPH3,M14,ENSG00000182575,NXPH3.6054.6.3,Neurexins|Neuroligins,PlasmaAB140P-M13;PlasmaAB142P-M10;PlasmaGFAP-M8;PlasmaNfL-M11,Neurexins|Neuroligins,0.19765315148556,1,0.856,0.0180427084675858
Merged,ALPI,M30,ENSG00000163295,ALPI.17441.4.3,GPI-anchor synthesis,PlasmaAB140P-M31;PlasmaNfL-M35,GPI-anchor synthesis,-0.155645892802446,3,1.579,0.0177791452248201
PlasmaAB142P,GNAS,M34,ENSG00000087460,GNAS.GNAS.25253.17.3,Secretin receptor,PlasmaAB142P-M34,Secretin receptor,-0.199443368280212,3,2.214,0.0174395024819603
PlasmaAB140P,NT5C,M50,ENSG00000125458,NT5C.12560.9.3,Nucleotide metabolism,PlasmaAB140P-M50,Nucleotide metabolism,0.190273064294212,3,2.309,0.0173780240482805
PlasmaAB140P,ZFAND2B,M35,ENSG00000158552,ZFAND2B.23319.6.3,K48-dependent protein binding,PlasmaAB140P-M35,K48-dependent protein binding,-0.189791933970009,1,0.621,0.0172694433663417
PlasmaAB140P,GUCA2B,M15,ENSG00000044012,GUCA2B.6223.5.3,Fatty acid metabolic process,PlasmaAB140P-M15,Fatty acid metabolic process,0.189275995154301,1,0.646,0.0171530071626145
PlasmaAB142P,STC1,M25,ENSG00000159167,STC1.4930.21.1,Insulin growth factor binding,PlasmaAB142P-M25,Insulin growth factor binding,0.197883468554019,1,0.665,0.017030828894712
PlasmaAB140P,YARS2,M20,ENSG00000139131,YARS2.21330.13.3,tRNA aminoacylation,PlasmaAB140P-M20,tRNA aminoacylation,-0.120100774626653,5,3.808,0.0169188969336897
Merged,TIMP3,M33,ENSG00000100234,TIMP3.2480.58.3,Matrix metalloprotease,PlasmaAB140P-M47;PlasmaNfL-M31,Matrix metalloprotease,0.143217045646017,3,1.973,0.0167851098883488
PlasmaNfL,FABP4,M3,ENSG00000170323,FABP4.15386.7.3,Extracellular space,PlasmaNfL-M3,Extracellular space,0.154097311429316,3,1.799,0.0167732971655357
Merged,APOB,M15,ENSG00000084674,APOB.2797.56.2,HDL,PlasmaAB140P-M3;PlasmaAB142P-M18,HDL,-0.157037093692486,14,12.567,0.0167499404534652
PlasmaAB140P,ACBD4,M15,ENSG00000181513,ACBD4.24686.19.3,Fatty acid metabolic process,PlasmaAB140P-M15,Fatty acid metabolic process,0.187354591340533,2,1.015,0.016719387983187
Merged,SCAMP5,M8,ENSG00000198794,SCAMP5.13509.5.3,Synaptic vesicle|SNARE complex,PlasmaAB140P-M11;PlasmaGFAP-M6;PlasmaNfL-M14;PlasmapTau217-M1;PlasmapTau217_AB42Ratio-M10;PlasmaPTau181-M25;Merged-M11,Synaptic vesicle|SNARE complex,-0.171609813059836,1,0.422,0.0165651011878697
PlasmaPTau181,COMT,M5,ENSG00000093010,COMT.18382.109.3,Dementia|HDL,PlasmaPTau181-M5,Dementia|HDL,-0.123782263521975,2,1.416,0.0163909638649033
Merged,MMP19,M33,ENSG00000123342,MMP19.6425.87.3,Matrix metalloprotease,PlasmaAB140P-M47;PlasmaNfL-M31,Matrix metalloprotease,0.14962748552405,1,0.563,0.0161762246490463
PlasmaAB140P,PNPLA2,M45,ENSG00000177666,PNPLA2.9802.27.3,Glycerolipid metabolism,PlasmaAB140P-M45,Glycerolipid metabolism,-0.184652093223631,3,2.783,0.0161094927558234
Merged,NXPH2,M14,ENSG00000144227,NXPH2.9511.61.3,Neurexins|Neuroligins,PlasmaAB140P-M13;PlasmaAB142P-M10;PlasmaGFAP-M8;PlasmaNfL-M11,Neurexins|Neuroligins,-0.182412235781971,2,1.392,0.0156040054975346
Merged,GCHFR,M28,ENSG00000137880,GCHFR.21118.48.3,Serine protease inhibitor,PlasmaAB142P-M22;PlasmaNfL-M23,Serine protease inhibitor,0.191520177473021,1,0.424,0.0153637287926283
PlasmaNfL,TGFB3,M21,ENSG00000119699,TGFB3.3520.58.1,TGF-beta signaling,PlasmaNfL-M21,TGF-beta signaling,-0.170716271723557,4,3.392,0.0152575210806876
Merged,KRT20,M10,ENSG00000171431,KRT20.12975.11.3,Neuroactive ligand-receptor interaction,PlasmaNfL-M5;PlasmaPTau181-M17;PlasmaAB140P-M52;PlasmaAB140P-M49;PlasmaAB142P-M7;Merged-M17,Neuroactive ligand-receptor interaction|Antigen presentation;Neuroactive ligand-receptor interaction;Neuroactive ligand-receptor interaction,0.190265477832174,2,1.515,0.0150350136870775
Merged,SNAP23,M8,ENSG00000092531,SNAP23.20241.9.3,Synaptic vesicle|SNARE complex,PlasmaAB140P-M11;PlasmaGFAP-M6;PlasmaNfL-M14;PlasmapTau217-M1;PlasmapTau217_AB42Ratio-M10;PlasmaPTau181-M25;Merged-M11,Synaptic vesicle|SNARE complex,-0.142488591556218,7,5.403,0.0147096550110272
Merged,CADM3,M2,ENSG00000162706,CADM3.3630.27.4,Adaptive immunity|Immunoglobulins|Cytokines,PlasmaAB140P-M1;PlasmaAB142P-M20;PlasmaAB142P-M27;PlasmaAB142P-M3;PlasmaNfL-M34;PlasmaNfL-M38;PlasmaPTau181-M7;PlasmaAB140P-M53;PlasmaAB140P-M19;PlasmaPTau181-M9;PlasmapTau217-M4;Merged-M2,Cytokine signaling;Immunoglobulin;TNF receptor binding;Immunoglobulin;Immunoglobulin|TREM;Adaptive immunity|Immunoglobulin,0.176852780962219,1,0.631,0.0143493570890474
Merged,MOB4,M35,ENSG00000115540,MOB4.19332.1.3,Hippo signaling,PlasmaAB140P-M46;PlasmaNfL-M30,Hippo signaling,-0.168051799741136,1,0.545,0.0141090157165088
Merged,HEPACAM,M2,ENSG00000165478,HEPACAM.8810.26.3,Adaptive immunity|Immunoglobulins|Cytokines,PlasmaAB140P-M1;PlasmaAB142P-M20;PlasmaAB142P-M27;PlasmaAB142P-M3;PlasmaNfL-M34;PlasmaNfL-M38;PlasmaPTau181-M7;PlasmaAB140P-M53;PlasmaAB140P-M19;PlasmaPTau181-M9;PlasmapTau217-M4;Merged-M2,Cytokine signaling;Immunoglobulin;TNF receptor binding;Immunoglobulin;Immunoglobulin|TREM;Adaptive immunity|Immunoglobulin,-0.175187514692349,1,0.469,0.0139735425995085
PlasmaAB140P,BRD1,M15,ENSG00000100425,BRD1.11607.15.3,Fatty acid metabolic process,PlasmaAB140P-M15,Fatty acid metabolic process,-0.174821502335302,1,0.444,0.0138909415466815
Merged,NOP16,M12,ENSG00000048162,NOP16.18228.30.3,Translation,PlasmaAB140P-M32;PlasmaAB142P-M5;PlasmaAB140P-M42;PlasmaNfL-M8;PlasmaPTau181-M34;Merged-M27;Merged-M16,Translation;Nucleolus|Translation,-0.173668273932408,1,0.575,0.0136306829013243
Merged,LTK,M1,ENSG00000062524,LTK.23181.2.3,PI3K-Akt|JAK-STAT|MAPK signaling,PlasmaAB140P-M14;PlasmaAB140P-M2;PlasmaAB140P-M7;PlasmaAB142P-M1;PlasmaGFAP-M1;PlasmaNfL-M1;PlasmaNfL-M6;PlasmaPTau181-M1;PlasmaPTau181-M33;PlasmapTau217-M5;PlasmapTau217_AB42Ratio-M1,TGF-beta signaling;PI3K-Akt|MAPK signaling;JAK-STAT signaling;Ambiguous;PI3K-Akt|JAK-STAT|MAPK signaling;Cytokine|JAK-STAT signaling;Hormone response,0.173548544475017,1,0.427,0.0129626539064457
Merged,CALB2,M10,ENSG00000172137,CALB2.16803.4.3,Neuroactive ligand-receptor interaction,PlasmaNfL-M5;PlasmaPTau181-M17;PlasmaAB140P-M52;PlasmaAB140P-M49;PlasmaAB142P-M7;Merged-M17,Neuroactive ligand-receptor interaction|Antigen presentation;Neuroactive ligand-receptor interaction;Neuroactive ligand-receptor interaction,0.130374371639602,2,1.273,0.0128521425805663
Merged,LBP,M1,ENSG00000129988,LBP.3074.6.2,PI3K-Akt|JAK-STAT|MAPK signaling,PlasmaAB140P-M14;PlasmaAB140P-M2;PlasmaAB140P-M7;PlasmaAB142P-M1;PlasmaGFAP-M1;PlasmaNfL-M1;PlasmaNfL-M6;PlasmaPTau181-M1;PlasmaPTau181-M33;PlasmapTau217-M5;PlasmapTau217_AB42Ratio-M1,TGF-beta signaling;PI3K-Akt|MAPK signaling;JAK-STAT signaling;Ambiguous;PI3K-Akt|JAK-STAT|MAPK signaling;Cytokine|JAK-STAT signaling;Hormone response,0.135076042877969,3,1.695,0.0127993794189357
Merged,CLSTN2,M14,ENSG00000158258,CLSTN2.18882.7.3,Neurexins|Neuroligins,PlasmaAB140P-M13;PlasmaAB142P-M10;PlasmaGFAP-M8;PlasmaNfL-M11,Neurexins|Neuroligins,-0.114674688225226,2,0.848,0.0127077642630393
PlasmaAB140P,G0S2,M45,ENSG00000123689,G0S2.8931.124.3,Glycerolipid metabolism,PlasmaAB140P-M45,Glycerolipid metabolism,-0.134810474537183,1,0.938,0.0126789823833237
Merged,MGAT5,M18,ENSG00000152127,MGAT5.21813.171.3,Glycosylation,PlasmaAB140P-M33;PlasmaNfL-M17;PlasmaPTau181-M21;Merged-M23,Glycosylation,-0.163852562165541,2,1.203,0.012298958447057
Merged,NFKBIE,M20,ENSG00000146232,NFKBIE.20071.53.3,NFkB|APC/C degradation,PlasmaAB140P-M16;PlasmaAB142P-M23;PlasmaNfL-M24,NFkB|APC/C degradation,0.130973881955409,5,2.38,0.0121936251266139
Merged,AGA,M7,ENSG00000038002,AGA.10435.2.3,Chaperone|Protein folding,PlasmaAB140P-M9;PlasmaPTau181-M2;PlasmaAB140P-M56;Merged-M7,Chaperone;Chaperone|Protein folding;Chaperonin TCP-1,0.16724981106196,1,0.546,0.0121821750014614
Merged,CAT,M22,ENSG00000121691,CAT.3488.64.2,Glutathione metabolism|Oxidative stress,PlasmaAB142P-M16;PlasmaNfL-M20;PlasmaAB140P-M55;Merged-M22,Glutathione metabolism|Oxidative stress;Selenium micronutrient network;Glutathione metabolism,-0.157674015522986,3,1.697,0.0121469652432892
Merged,AOC3,M2,ENSG00000131471,AOC3.21491.7.3,Adaptive immunity|Immunoglobulins|Cytokines,PlasmaAB140P-M1;PlasmaAB142P-M20;PlasmaAB142P-M27;PlasmaAB142P-M3;PlasmaNfL-M34;PlasmaNfL-M38;PlasmaPTau181-M7;PlasmaAB140P-M53;PlasmaAB140P-M19;PlasmaPTau181-M9;PlasmapTau217-M4;Merged-M2,Cytokine signaling;Immunoglobulin;TNF receptor binding;Immunoglobulin;Immunoglobulin|TREM;Adaptive immunity|Immunoglobulin,-0.14967404982025,5,3.046,0.0120150907135464
Merged,CA3,M3,ENSG00000164879,CA3.3799.11.2,Complement cascade,PlasmaAB140P-M5;PlasmaAB142P-M2;PlasmaNfL-M19;PlasmaAB140P-M51;PlasmaAB142P-M37;PlasmaNfL-M4;PlasmapTau217_AB42Ratio-M2;Merged-M14;Merged-M7,Complement cascade;Complement cascade|Extracellular space;Ambiguous;Complement cascade,0.166148046049022,2,1.12,0.0119335305273489
Merged,B3GALT2,M18,ENSG00000162630,B3GALT2.11638.42.3,Glycosylation,PlasmaAB140P-M33;PlasmaNfL-M17;PlasmaPTau181-M21;Merged-M23,Glycosylation,0.14995717754289,1.5,1.44,0.0117762604563377
Merged,CCL17,M2,ENSG00000102970,CCL17.3519.3.2,Adaptive immunity|Immunoglobulins|Cytokines,PlasmaAB140P-M1;PlasmaAB142P-M20;PlasmaAB142P-M27;PlasmaAB142P-M3;PlasmaNfL-M34;PlasmaNfL-M38;PlasmaPTau181-M7;PlasmaAB140P-M53;PlasmaAB140P-M19;PlasmaPTau181-M9;PlasmapTau217-M4;Merged-M2,Cytokine signaling;Immunoglobulin;TNF receptor binding;Immunoglobulin;Immunoglobulin|TREM;Adaptive immunity|Immunoglobulin,0.138612141696435,5,3.59,0.0116637897864614
Merged,SPINK7,M28,ENSG00000145879,SPINK7.10974.20.3,Serine protease inhibitor,PlasmaAB142P-M22;PlasmaNfL-M23,Serine protease inhibitor,0.162148715560055,2,1.054,0.0115645251413029
PlasmaNfL,CNTN3,M32,ENSG00000113805,CNTN3.20586.18.3,Synaptic membrane adhesion,PlasmaNfL-M32,Synaptic membrane adhesion,-0.162030830639643,1,0.463,0.0115137115225664
Merged,PRKCG,M19,ENSG00000126583,PRKCG.5476.66.3,Focal adhesion|Integrins,PlasmaAB140P-M43;PlasmaAB142P-M14;PlasmaAB142P-M21,Integrins;Synapse|Focal adhesion;Focal adhesion|Integrins,0.176625455005675,2,1.572,0.0114615038229155
Merged,CBLN4,M14,ENSG00000054803,CBLN4.5688.65.3,Neurexins|Neuroligins,PlasmaAB140P-M13;PlasmaAB142P-M10;PlasmaGFAP-M8;PlasmaNfL-M11,Neurexins|Neuroligins,-0.159679271925162,2,0.952,0.0114376988202992
Merged,ALPG,M30,ENSG00000163286,ALPG.6715.63.3,GPI-anchor synthesis,PlasmaAB140P-M31;PlasmaNfL-M35,GPI-anchor synthesis,-0.162966495365712,4,2.015,0.0112155235229294
Merged,CDH23,M16,ENSG00000107736,CDH23.25272.17.3,Cadherin|Cell adhesion,PlasmaAB140P-M36;PlasmaAB142P-M13;PlasmaAB140P-M54;PlasmaAB142P-M15,Cadherin|Cell adhesion;Ambiguous;Cell adhesion,-0.166810386027702,4,2.6605,0.010866628777207
Merged,PROC,M3,ENSG00000115718,PROC.2961.1.2,Complement cascade,PlasmaAB140P-M5;PlasmaAB142P-M2;PlasmaNfL-M19;PlasmaAB140P-M51;PlasmaAB142P-M37;PlasmaNfL-M4;PlasmapTau217_AB42Ratio-M2;Merged-M14;Merged-M7,Complement cascade;Complement cascade|Extracellular space;Ambiguous;Complement cascade,-0.162775398578693,4,3.1345,0.0107377247786675
Merged,MAPK6,M20,ENSG00000069956,MAPK6.22858.3.3,NFkB|APC/C degradation,PlasmaAB140P-M16;PlasmaAB142P-M23;PlasmaNfL-M24,NFkB|APC/C degradation,-0.160468476649075,5,2.208,0.0106517748625275
Merged,IL12B,M1,ENSG00000110944,IL12B.IL23A.10365.132.3,PI3K-Akt|JAK-STAT|MAPK signaling,PlasmaAB140P-M14;PlasmaAB140P-M2;PlasmaAB140P-M7;PlasmaAB142P-M1;PlasmaGFAP-M1;PlasmaNfL-M1;PlasmaNfL-M6;PlasmaPTau181-M1;PlasmaPTau181-M33;PlasmapTau217-M5;PlasmapTau217_AB42Ratio-M1,TGF-beta signaling;PI3K-Akt|MAPK signaling;JAK-STAT signaling;Ambiguous;PI3K-Akt|JAK-STAT|MAPK signaling;Cytokine|JAK-STAT signaling;Hormone response,0.124974546562403,4,2.931,0.0104979161631208
Merged,CD96,M2,ENSG00000153283,CD96.9735.44.3,Adaptive immunity|Immunoglobulins|Cytokines,PlasmaAB140P-M1;PlasmaAB142P-M20;PlasmaAB142P-M27;PlasmaAB142P-M3;PlasmaNfL-M34;PlasmaNfL-M38;PlasmaPTau181-M7;PlasmaAB140P-M53;PlasmaAB140P-M19;PlasmaPTau181-M9;PlasmapTau217-M4;Merged-M2,Cytokine signaling;Immunoglobulin;TNF receptor binding;Immunoglobulin;Immunoglobulin|TREM;Adaptive immunity|Immunoglobulin,-0.172290969028184,8,4.739,0.0103259244625537
Merged,CCT7,M7,ENSG00000135624,CCT7.13673.21.3,Chaperone|Protein folding,PlasmaAB140P-M9;PlasmaPTau181-M2;PlasmaAB140P-M56;Merged-M7,Chaperone;Chaperone|Protein folding;Chaperonin TCP-1,-0.15813775094252,2,1.993,0.0101257806071268
Merged,DLD,M9,ENSG00000091140,DLD.10025.1.3,Carbon metabolism,PlasmaAB140P-M8;PlasmaAB142P-M8;PlasmaABRatio-M2;PlasmaNfL-M40;PlasmaPTau181-M12;Merged-M12,Carbon metabolism|Gluconeogenesis;Carbon metabolism;Carbon metabolism|Glycolysis,-0.171124629960774,5,3.209,0.010020358686355
PlasmaAB140P,ECI1,M15,ENSG00000167969,ECI1.19367.34.3,Fatty acid metabolic process,PlasmaAB140P-M15,Fatty acid metabolic process,-0.157356032413499,3,1.718,0.0099493636849429
Merged,OXT,M10,ENSG00000101405,OXT.8356.88.3,Neuroactive ligand-receptor interaction,PlasmaNfL-M5;PlasmaPTau181-M17;PlasmaAB140P-M52;PlasmaAB140P-M49;PlasmaAB142P-M7;Merged-M17,Neuroactive ligand-receptor interaction|Antigen presentation;Neuroactive ligand-receptor interaction;Neuroactive ligand-receptor interaction,0.156737720069741,3,1.811,0.00980982399567557
Merged,FAP,M10,ENSG00000078098,FAP.5029.3.1,Neuroactive ligand-receptor interaction,PlasmaNfL-M5;PlasmaPTau181-M17;PlasmaAB140P-M52;PlasmaAB140P-M49;PlasmaAB142P-M7;Merged-M17,Neuroactive ligand-receptor interaction|Antigen presentation;Neuroactive ligand-receptor interaction;Neuroactive ligand-receptor interaction,-0.169329733735233,2,1.336,0.00955011905049043
PlasmaAB140P,SLC22A16,M48,ENSG00000004809,SLC22A16.9969.8.3,ATPase transmembrane transport,PlasmaAB140P-M48,ATPase transmembrane transport,-0.134990366823228,2,0.866,0.00948036959176635
Merged,FOLH1,M1,ENSG00000086205,FOLH1.5478.50.2,PI3K-Akt|JAK-STAT|MAPK signaling,PlasmaAB140P-M14;PlasmaAB140P-M2;PlasmaAB140P-M7;PlasmaAB142P-M1;PlasmaGFAP-M1;PlasmaNfL-M1;PlasmaNfL-M6;PlasmaPTau181-M1;PlasmaPTau181-M33;PlasmapTau217-M5;PlasmapTau217_AB42Ratio-M1,TGF-beta signaling;PI3K-Akt|MAPK signaling;JAK-STAT signaling;Ambiguous;PI3K-Akt|JAK-STAT|MAPK signaling;Cytokine|JAK-STAT signaling;Hormone response,-0.157143605559553,2,1.607,0.00940710118570995
Merged,LEAP2,M15,ENSG00000164406,LEAP2.5708.1.3,HDL,PlasmaAB140P-M3;PlasmaAB142P-M18,HDL,0.154574804942554,1,0.431,0.00932170094944151
Merged,ANOS1,M1,ENSG00000011201,ANOS1.6603.18.3,PI3K-Akt|JAK-STAT|MAPK signaling,PlasmaAB140P-M14;PlasmaAB140P-M2;PlasmaAB140P-M7;PlasmaAB142P-M1;PlasmaGFAP-M1;PlasmaNfL-M1;PlasmaNfL-M6;PlasmaPTau181-M1;PlasmaPTau181-M33;PlasmapTau217-M5;PlasmapTau217_AB42Ratio-M1,TGF-beta signaling;PI3K-Akt|MAPK signaling;JAK-STAT signaling;Ambiguous;PI3K-Akt|JAK-STAT|MAPK signaling;Cytokine|JAK-STAT signaling;Hormone response,0.135808119348449,1,0.998,0.00909447681204932
Merged,LIN7B,M14,ENSG00000104863,LIN7B.22990.20.3,Neurexins|Neuroligins,PlasmaAB140P-M13;PlasmaAB142P-M10;PlasmaGFAP-M8;PlasmaNfL-M11,Neurexins|Neuroligins,-0.167484666438306,2,1.14,0.00906673524171834
Merged,CBLN2,M14,ENSG00000141668,CBLN2.21887.2.3,Neurexins|Neuroligins,PlasmaAB140P-M13;PlasmaAB142P-M10;PlasmaGFAP-M8;PlasmaNfL-M11,Neurexins|Neuroligins,-0.165067102585814,2,1.284,0.0084333647273129
Merged,GSR,M22,ENSG00000104687,GSR.19273.3.3,Glutathione metabolism|Oxidative stress,PlasmaAB142P-M16;PlasmaNfL-M20;PlasmaAB140P-M55;Merged-M22,Glutathione metabolism|Oxidative stress;Selenium micronutrient network;Glutathione metabolism,-0.1576665914859,3,2.725,0.00842522682179208
Merged,PRRG1,M35,ENSG00000130962,PRRG1.8306.54.3,Hippo signaling,PlasmaAB140P-M46;PlasmaNfL-M30,Hippo signaling,-0.148228141881773,1,0.531,0.00788939670980235
Merged,PSMD5,M20,ENSG00000095261,PSMD5.10716.35.3,NFkB|APC/C degradation,PlasmaAB140P-M16;PlasmaAB142P-M23;PlasmaNfL-M24,NFkB|APC/C degradation,-0.162907690778472,3,2.242,0.00786762671554557
Merged,CETP,M15,ENSG00000087237,CETP.7131.8.3,HDL,PlasmaAB140P-M3;PlasmaAB142P-M18,HDL,0.153904184200119,8.5,7.7105,0.00733861462022048
Merged,NFATC4,M2,ENSG00000100968,NFATC4.11560.76.3,Adaptive immunity|Immunoglobulins|Cytokines,PlasmaAB140P-M1;PlasmaAB142P-M20;PlasmaAB142P-M27;PlasmaAB142P-M3;PlasmaNfL-M34;PlasmaNfL-M38;PlasmaPTau181-M7;PlasmaAB140P-M53;PlasmaAB140P-M19;PlasmaPTau181-M9;PlasmapTau217-M4;Merged-M2,Cytokine signaling;Immunoglobulin;TNF receptor binding;Immunoglobulin;Immunoglobulin|TREM;Adaptive immunity|Immunoglobulin,-0.145172889150493,1,0.556,0.00719989241466762
PlasmaNfL,SCN2B,M33,ENSG00000149575,SCN2B.8353.15.3,Sodium channel regulator,PlasmaNfL-M33,Sodium channel regulator,0.151857503594386,3,2.15,0.00712855725556364
Merged,SERPINA10,M3,ENSG00000140093,SERPINA10.6583.67.3,Complement cascade,PlasmaAB140P-M5;PlasmaAB142P-M2;PlasmaNfL-M19;PlasmaAB140P-M51;PlasmaAB142P-M37;PlasmaNfL-M4;PlasmapTau217_AB42Ratio-M2;Merged-M14;Merged-M7,Complement cascade;Complement cascade|Extracellular space;Ambiguous;Complement cascade,-0.141340011069156,3,1.527,0.00633489493908974
PlasmaNfL,FABP2,M3,ENSG00000145384,FABP2.15385.116.3,Extracellular space,PlasmaNfL-M3,Extracellular space,0.128245206276539,2,1.114,0.00627828602345209
Merged,INSL5,M10,ENSG00000172410,INSL5.10462.14.3,Neuroactive ligand-receptor interaction,PlasmaNfL-M5;PlasmaPTau181-M17;PlasmaAB140P-M52;PlasmaAB140P-M49;PlasmaAB142P-M7;Merged-M17,Neuroactive ligand-receptor interaction|Antigen presentation;Neuroactive ligand-receptor interaction;Neuroactive ligand-receptor interaction,0.149120826379497,1.5,0.9435,0.00587835640164154
Merged,KLK5,M28,ENSG00000167754,KLK5.3201.49.2,Serine protease inhibitor,PlasmaAB142P-M22;PlasmaNfL-M23,Serine protease inhibitor,-0.148104542081437,1,0.992,0.00551086472300341
PlasmaNfL,CNTN6,M33,ENSG00000134115,CNTN6.20561.15.3,Sodium channel regulator,PlasmaNfL-M33,Sodium channel regulator,-0.128681438388644,1,0.638,0.00549099951613144
Merged,FUT7,M3,ENSG00000180549,FUT7.21716.29.3,Complement cascade,PlasmaAB140P-M5;PlasmaAB142P-M2;PlasmaNfL-M19;PlasmaAB140P-M51;PlasmaAB142P-M37;PlasmaNfL-M4;PlasmapTau217_AB42Ratio-M2;Merged-M14;Merged-M7,Complement cascade;Complement cascade|Extracellular space;Ambiguous;Complement cascade,0.137361020977234,1,0.599,0.00543692315083464
Merged,ERAP2,M10,ENSG00000164308,ERAP2.8960.3.3,Neuroactive ligand-receptor interaction,PlasmaNfL-M5;PlasmaPTau181-M17;PlasmaAB140P-M52;PlasmaAB140P-M49;PlasmaAB142P-M7;Merged-M17,Neuroactive ligand-receptor interaction|Antigen presentation;Neuroactive ligand-receptor interaction;Neuroactive ligand-receptor interaction,-0.135762881698408,2,1.055,0.00524519347610305
Merged,OASL,M2,ENSG00000135114,OASL.25941.4.3,Adaptive immunity|Immunoglobulins|Cytokines,PlasmaAB140P-M1;PlasmaAB142P-M20;PlasmaAB142P-M27;PlasmaAB142P-M3;PlasmaNfL-M34;PlasmaNfL-M38;PlasmaPTau181-M7;PlasmaAB140P-M53;PlasmaAB140P-M19;PlasmaPTau181-M9;PlasmapTau217-M4;Merged-M2,Cytokine signaling;Immunoglobulin;TNF receptor binding;Immunoglobulin;Immunoglobulin|TREM;Adaptive immunity|Immunoglobulin,-0.118351563422372,1,0.438,0.0052052937044247
Merged,C1GALT1C1,M18,ENSG00000171155,C1GALT1C1.5735.54.3,Glycosylation,PlasmaAB140P-M33;PlasmaNfL-M17;PlasmaPTau181-M21;Merged-M23,Glycosylation,-0.130618573029956,3,2.325,0.00433931903058822
Merged,CCL17,M1,ENSG00000102970,CCL17.3519.3.2,PI3K-Akt|JAK-STAT|MAPK signaling,PlasmaAB140P-M14;PlasmaAB140P-M2;PlasmaAB140P-M7;PlasmaAB142P-M1;PlasmaGFAP-M1;PlasmaNfL-M1;PlasmaNfL-M6;PlasmaPTau181-M1;PlasmaPTau181-M33;PlasmapTau217-M5;PlasmapTau217_AB42Ratio-M1,TGF-beta signaling;PI3K-Akt|MAPK signaling;JAK-STAT signaling;Ambiguous;PI3K-Akt|JAK-STAT|MAPK signaling;Cytokine|JAK-STAT signaling;Hormone response,0.14483362038448,5,3.252,0.00410095268806789
Merged,THOP1,M10,ENSG00000172009,THOP1.21429.50.3,Neuroactive ligand-receptor interaction,PlasmaNfL-M5;PlasmaPTau181-M17;PlasmaAB140P-M52;PlasmaAB140P-M49;PlasmaAB142P-M7;Merged-M17,Neuroactive ligand-receptor interaction|Antigen presentation;Neuroactive ligand-receptor interaction;Neuroactive ligand-receptor interaction,-0.144757000942546,2,1.393,0.0040679263171238
PlasmaAB140P,SERTAD3,M48,ENSG00000167565,SERTAD3.22392.5.3,ATPase transmembrane transport,PlasmaAB140P-M48,ATPase transmembrane transport,0.117483087931437,1,0.443,0.00405570122599507
Merged,TNS4,M1,ENSG00000131746,TNS4.9927.96.3,PI3K-Akt|JAK-STAT|MAPK signaling,PlasmaAB140P-M14;PlasmaAB140P-M2;PlasmaAB140P-M7;PlasmaAB142P-M1;PlasmaGFAP-M1;PlasmaNfL-M1;PlasmaNfL-M6;PlasmaPTau181-M1;PlasmaPTau181-M33;PlasmapTau217-M5;PlasmapTau217_AB42Ratio-M1,TGF-beta signaling;PI3K-Akt|MAPK signaling;JAK-STAT signaling;Ambiguous;PI3K-Akt|JAK-STAT|MAPK signaling;Cytokine|JAK-STAT signaling;Hormone response,-0.130716512921943,2,1.225,0.00393740175403645
PlasmapTau217,BCHE,M3,ENSG00000114200,BCHE.8239.223.3,Dermatan sulfate metabolism,PlasmapTau217-M3,Dermatan sulfate metabolism,-0.160355137146059,1,0.597,0.00382435197813777
Merged,GIP,M10,ENSG00000159224,GIP.16292.288.3,Neuroactive ligand-receptor interaction,PlasmaNfL-M5;PlasmaPTau181-M17;PlasmaAB140P-M52;PlasmaAB140P-M49;PlasmaAB142P-M7;Merged-M17,Neuroactive ligand-receptor interaction|Antigen presentation;Neuroactive ligand-receptor interaction;Neuroactive ligand-receptor interaction,0.127601493504498,1,0.856,0.00323440941374106
Merged,CLEC11A,M2,ENSG00000105472,CLEC11A.4500.50.2,Adaptive immunity|Immunoglobulins|Cytokines,PlasmaAB140P-M1;PlasmaAB142P-M20;PlasmaAB142P-M27;PlasmaAB142P-M3;PlasmaNfL-M34;PlasmaNfL-M38;PlasmaPTau181-M7;PlasmaAB140P-M53;PlasmaAB140P-M19;PlasmaPTau181-M9;PlasmapTau217-M4;Merged-M2,Cytokine signaling;Immunoglobulin;TNF receptor binding;Immunoglobulin;Immunoglobulin|TREM;Adaptive immunity|Immunoglobulin,0.127361635491724,5,2.49,0.00318027866104196
Merged,LIN7B,M8,ENSG00000104863,LIN7B.22990.20.3,Synaptic vesicle|SNARE complex,PlasmaAB140P-M11;PlasmaGFAP-M6;PlasmaNfL-M14;PlasmapTau217-M1;PlasmapTau217_AB42Ratio-M10;PlasmaPTau181-M25;Merged-M11,Synaptic vesicle|SNARE complex,-0.126841304541345,2,1.078,0.00306285124775313
Merged,ICAM5,M16,ENSG00000105376,ICAM5.8245.27.3,Cadherin|Cell adhesion,PlasmaAB140P-M36;PlasmaAB142P-M13;PlasmaAB140P-M54;PlasmaAB142P-M15,Cadherin|Cell adhesion;Ambiguous;Cell adhesion,-0.144428573525485,2,1.187,0.0030263365927559
PlasmaNfL,ARSB,M25,ENSG00000113273,ARSB.3172.28.2,Glycosphingolipid metabolism,PlasmaNfL-M25,Glycosphingolipid metabolism,-0.142075320088453,2,1.631,0.00291200316752369
Merged,SRSF6,M6,ENSG00000124193,SRSF6.11573.3.3,RNA-binding,PlasmaAB140P-M10;PlasmaAB140P-M26;PlasmaAB142P-M9;PlasmaNfL-M16;PlasmaPTau181-M3;PlasmaGFAP-M7;Merged-M6,RNA-binding;Splicesosome;RNA-binding,0.134757888575014,7.5,5.0325,0.00268558052434173
Merged,C1QL2,M14,ENSG00000144119,C1QL2.6423.66.3,Neurexins|Neuroligins,PlasmaAB140P-M13;PlasmaAB142P-M10;PlasmaGFAP-M8;PlasmaNfL-M11,Neurexins|Neuroligins,-0.142568613476941,2,1.107,0.00253905107535144
Merged,LILRA4,M2,ENSG00000239961,LILRA4.8299.66.3,Adaptive immunity|Immunoglobulins|Cytokines,PlasmaAB140P-M1;PlasmaAB142P-M20;PlasmaAB142P-M27;PlasmaAB142P-M3;PlasmaNfL-M34;PlasmaNfL-M38;PlasmaPTau181-M7;PlasmaAB140P-M53;PlasmaAB140P-M19;PlasmaPTau181-M9;PlasmapTau217-M4;Merged-M2,Cytokine signaling;Immunoglobulin;TNF receptor binding;Immunoglobulin;Immunoglobulin|TREM;Adaptive immunity|Immunoglobulin,-0.128387431844857,2,0.917,0.00229493447040901
Merged,DIPK1C,M2,ENSG00000187773,DIPK1C.14341.8.3,Adaptive immunity|Immunoglobulins|Cytokines,PlasmaAB140P-M1;PlasmaAB142P-M20;PlasmaAB142P-M27;PlasmaAB142P-M3;PlasmaNfL-M34;PlasmaNfL-M38;PlasmaPTau181-M7;PlasmaAB140P-M53;PlasmaAB140P-M19;PlasmaPTau181-M9;PlasmapTau217-M4;Merged-M2,Cytokine signaling;Immunoglobulin;TNF receptor binding;Immunoglobulin;Immunoglobulin|TREM;Adaptive immunity|Immunoglobulin,-0.122140982683465,1,0.422,0.00200209052038568
Merged,SERPINA10,M3,ENSG00000140093,SERPINA10.13119.26.3,Complement cascade,PlasmaAB140P-M5;PlasmaAB142P-M2;PlasmaNfL-M19;PlasmaAB140P-M51;PlasmaAB142P-M37;PlasmaNfL-M4;PlasmapTau217_AB42Ratio-M2;Merged-M14;Merged-M7,Complement cascade;Complement cascade|Extracellular space;Ambiguous;Complement cascade,-0.136019645110078,5,2.523,0.000823305921787308
Merged,SSTR1,M10,ENSG00000139874,SSTR1.21836.9.3,Neuroactive ligand-receptor interaction,PlasmaNfL-M5;PlasmaPTau181-M17;PlasmaAB140P-M52;PlasmaAB140P-M49;PlasmaAB142P-M7;Merged-M17,Neuroactive ligand-receptor interaction|Antigen presentation;Neuroactive ligand-receptor interaction;Neuroactive ligand-receptor interaction,-0.135394120023135,2,1.153,3.21102038164486e-05
Merged,ALPG,M30,ENSG00000163286,ALPG.6706.18.3,GPI-anchor synthesis,PlasmaAB140P-M31;PlasmaNfL-M35,GPI-anchor synthesis,-0.135319626040706,3,1.579,0
Merged,LRP1,M1,ENSG00000123384,LRP1.8601.167.3,PI3K-Akt|JAK-STAT|MAPK signaling,PlasmaAB140P-M14;PlasmaAB140P-M2;PlasmaAB140P-M7;PlasmaAB142P-M1;PlasmaGFAP-M1;PlasmaNfL-M1;PlasmaNfL-M6;PlasmaPTau181-M1;PlasmaPTau181-M33;PlasmapTau217-M5;PlasmapTau217_AB42Ratio-M1,TGF-beta signaling;PI3K-Akt|MAPK signaling;JAK-STAT signaling;Ambiguous;PI3K-Akt|JAK-STAT|MAPK signaling;Cytokine|JAK-STAT signaling;Hormone response,0.156923261556887,2,1.264,0
Merged,SNRPF,M36,ENSG00000139343,SNRPF.5494.52.3,Post-chaperonin tubulin folding,PlasmaABRatio-M1;PlasmapTau217_AB42Ratio-M6,Post-chaperonin tubulin folding;Nucleolus,0.188777684907059,1,0.561,0
PlasmapTau217,PLXNB2,M3,ENSG00000196576,PLXNB2.10855.55.3,Dermatan sulfate metabolism,PlasmapTau217-M3,Dermatan sulfate metabolism,-0.157857287581987,1,0.512,0
